2026-02-10 11:55:09,378 - Knowledge - INFO - Created shared MongoDB connection pool
2026-02-10 11:55:09,379 - Knowledge - INFO - Starting Knowledge Graph processing with 20 threads
2026-02-10 11:55:09,379 - Knowledge - INFO - Initial configuration: chunk_size=65536, max_cache_size=500
2026-02-10 11:55:09,381 - Knowledge - INFO - Knowledge Graph concurrency configuration: workers=20, max_batch_size=10, max_concurrent_llm_calls=50
2026-02-10 11:55:10,760 - Knowledge - INFO - 🔍 _load_persisted_knowledge called - checking for Redis optimization
2026-02-10 11:55:10,760 - Knowledge - WARNING - ❌ load_from_redis method not found - Redis support not attached
2026-02-10 11:55:10,764 - Knowledge - INFO - load persisted knowledge: begin
2026-02-10 11:55:10,768 - Knowledge - INFO - Loaded 0 files from persisted knowledge
2026-02-10 11:55:10,768 - Knowledge - INFO - load persisted knowledge: end
2026-02-10 11:55:10,768 - Knowledge - WARNING - No persisted knowledge found. Files will be queued during start()
2026-02-10 11:55:10,781 - Knowledge - INFO - Redis support added with prefix knowledge:b7126ae:
2026-02-10 11:55:11,127 - Knowledge - INFO - Starting knowledge initialization for ID: myW3x5-b7126ae
2026-02-10 11:55:11,127 - Knowledge - INFO - 🔍 Checking Redis for build_id: b7126ae
2026-02-10 11:55:11,128 - Knowledge - INFO - 🔍 Full session ID: myW3x5-b7126ae
2026-02-10 11:55:11,128 - Knowledge - INFO - 🔍 Redis prefix will be: knowledge:b7126ae:
2026-02-10 11:55:11,128 - Knowledge - INFO - 🔍 Using attached load_from_redis() method
2026-02-10 11:55:11,129 - Knowledge - INFO - 🔍 Attempting to load knowledge from Redis...
2026-02-10 11:55:11,129 - Knowledge - INFO - 🔍 Using derived instance_id for Redis lookup: b7126ae
2026-02-10 11:55:11,136 - Knowledge - WARNING - ❌ No Redis cache found
2026-02-10 11:55:11,141 - Knowledge - INFO - 📁 Loading knowledge from disk...
2026-02-10 11:55:11,182 - Knowledge - INFO - load persisted docinfo: begin
2026-02-10 11:55:11,184 - Knowledge - INFO - load persisted docinfo: end
2026-02-10 11:55:11,184 - Knowledge - INFO - 🔍 _load_persisted_knowledge called - checking for Redis optimization
2026-02-10 11:55:11,184 - Knowledge - INFO - ✅ load_from_redis method found - attempting Redis load
2026-02-10 11:55:11,184 - Knowledge - INFO - 🔍 Attempting to load knowledge from Redis...
2026-02-10 11:55:11,185 - Knowledge - INFO - 🔍 Using derived instance_id for Redis lookup: b7126ae
2026-02-10 11:55:11,190 - Knowledge - WARNING - ❌ No Redis cache found
2026-02-10 11:55:11,190 - Knowledge - INFO - ❌ Redis load returned False - falling back to file loading
2026-02-10 11:55:11,191 - Knowledge - INFO - load persisted knowledge: begin
2026-02-10 11:55:11,192 - Knowledge - INFO - Loaded 0 files from persisted knowledge
2026-02-10 11:55:11,193 - Knowledge - INFO - load persisted knowledge: end
2026-02-10 11:55:11,193 - Knowledge - INFO - 📁 Disk load complete in 0.05s
2026-02-10 11:55:11,194 - Knowledge - INFO - Populating ingest queue with source files...
2026-02-10 11:55:11,322 - Knowledge - INFO - Added 170 files from /app/data/T0002/216969/b7126ae/ionic-taxi-booking-app-web-admin-216969 to ingest queue
2026-02-10 11:55:11,324 - Knowledge - INFO - [WEBSOCKET] Sent: Type=progress_update, Size: 160, Duration: 0ms
2026-02-10 11:55:11,325 - Knowledge - INFO - Worker kw1 created using shared MongoDB connection pool
2026-02-10 11:55:11,326 - Knowledge - INFO - knowledge worker kw1 start
2026-02-10 11:55:11,326 - Knowledge - INFO - Worker kw2 created using shared MongoDB connection pool
2026-02-10 11:55:11,326 - Knowledge - INFO - [kw1] Queue=170, InProgress=0, PendingWorkers=0/1, Completed=0/170 (0.0%)
2026-02-10 11:55:11,327 - Knowledge - INFO - knowledge worker kw2 start
2026-02-10 11:55:11,328 - Knowledge - INFO - Batch sizing: calculated=5, max_allowed=10, queue=170, active_workers=0/1
2026-02-10 11:55:11,328 - Knowledge - INFO - Worker kw3 created using shared MongoDB connection pool
2026-02-10 11:55:11,328 - Knowledge - INFO - [kw2] Queue=170, InProgress=0, PendingWorkers=0/2, Completed=0/170 (0.0%)
2026-02-10 11:55:11,331 - Knowledge - INFO - Worker kw1 processing /app/data/T0002/216969/b7126ae/ionic-taxi-booking-app-web-admin-216969/pages/entrance/entrance.scss
2026-02-10 11:55:11,331 - Knowledge - INFO - knowledge worker kw3 start
2026-02-10 11:55:11,331 - Knowledge - INFO - Worker kw4 created using shared MongoDB connection pool
2026-02-10 11:55:11,332 - Knowledge - INFO - Batch sizing: calculated=5, max_allowed=10, queue=170, active_workers=1/3
2026-02-10 11:55:11,333 - Knowledge - INFO - [kw3] Queue=165, InProgress=0, PendingWorkers=1/3, Completed=0/170 (0.0%)
2026-02-10 11:55:11,333 - Knowledge - INFO - Fast-tracked /app/data/T0002/216969/b7126ae/ionic-taxi-booking-app-web-admin-216969/pages/entrance/entrance.scss (ext=.scss, size=19)
2026-02-10 11:55:11,334 - Knowledge - INFO - Worker kw2 processing /app/data/T0002/216969/b7126ae/ionic-taxi-booking-app-web-admin-216969/pages/rate/rate.ts
2026-02-10 11:55:11,334 - Knowledge - INFO - knowledge worker kw4 start
2026-02-10 11:55:11,334 - Knowledge - INFO - Batch sizing: calculated=5, max_allowed=10, queue=165, active_workers=2/3
2026-02-10 11:55:11,335 - Knowledge - INFO - Worker kw3 processing /app/data/T0002/216969/b7126ae/ionic-taxi-booking-app-web-admin-216969/pages/autocomplete/autocomplete.ts
2026-02-10 11:55:11,335 - Knowledge - INFO - Worker kw5 created using shared MongoDB connection pool
2026-02-10 11:55:11,336 - Knowledge - INFO - Fast-tracked /app/data/T0002/216969/b7126ae/ionic-taxi-booking-app-web-admin-216969/pages/rate/rate.ts (ext=.ts, size=954)
2026-02-10 11:55:11,337 - Knowledge - INFO - [kw4] Queue=155, InProgress=0, PendingWorkers=3/4, Completed=0/170 (0.0%)
2026-02-10 11:55:11,337 - Knowledge - INFO - Fast-tracked /app/data/T0002/216969/b7126ae/ionic-taxi-booking-app-web-admin-216969/pages/autocomplete/autocomplete.ts (ext=.ts, size=1102)
2026-02-10 11:55:11,337 - Knowledge - INFO - Worker kw1 processing /app/data/T0002/216969/b7126ae/ionic-taxi-booking-app-web-admin-216969/pages/entrance/entrance.module.ts
2026-02-10 11:55:11,338 - Knowledge - INFO - knowledge worker kw5 start
2026-02-10 11:55:11,338 - Knowledge - INFO - Worker kw6 created using shared MongoDB connection pool
2026-02-10 11:55:11,339 - Knowledge - INFO - Worker kw2 processing /app/data/T0002/216969/b7126ae/ionic-taxi-booking-app-web-admin-216969/pages/rate/rate.html
2026-02-10 11:55:11,339 - Knowledge - INFO - Batch sizing: calculated=5, max_allowed=10, queue=155, active_workers=3/5
2026-02-10 11:55:11,339 - Knowledge - INFO - Worker kw3 processing /app/data/T0002/216969/b7126ae/ionic-taxi-booking-app-web-admin-216969/pages/history/history.scss
2026-02-10 11:55:11,340 - Knowledge - INFO - Fast-tracked /app/data/T0002/216969/b7126ae/ionic-taxi-booking-app-web-admin-216969/pages/history/history.scss (ext=.scss, size=18)
2026-02-10 11:55:11,341 - Knowledge - INFO - [kw5] Queue=155, InProgress=0, PendingWorkers=3/5, Completed=0/170 (0.0%)
2026-02-10 11:55:11,342 - Knowledge - INFO - knowledge worker kw6 start
2026-02-10 11:55:11,342 - Knowledge - INFO - Worker kw4 processing /app/data/T0002/216969/b7126ae/ionic-taxi-booking-app-web-admin-216969/pages/card/card.scss
2026-02-10 11:55:11,343 - Knowledge - INFO - Worker kw7 created using shared MongoDB connection pool
2026-02-10 11:55:11,343 - Knowledge - INFO - Fast-tracked /app/data/T0002/216969/b7126ae/ionic-taxi-booking-app-web-admin-216969/pages/rate/rate.html (ext=.html, size=739)
2026-02-10 11:55:11,344 - Knowledge - INFO - Worker kw3 processing /app/data/T0002/216969/b7126ae/ionic-taxi-booking-app-web-admin-216969/pages/history/history.html
2026-02-10 11:55:11,344 - Knowledge - INFO - Fast-tracked /app/data/T0002/216969/b7126ae/ionic-taxi-booking-app-web-admin-216969/pages/entrance/entrance.module.ts (ext=.ts, size=288)
2026-02-10 11:55:11,345 - Knowledge - INFO - Batch sizing: calculated=5, max_allowed=10, queue=155, active_workers=4/6
2026-02-10 11:55:11,346 - Knowledge - INFO - Fast-tracked /app/data/T0002/216969/b7126ae/ionic-taxi-booking-app-web-admin-216969/pages/card/card.scss (ext=.scss, size=462)
2026-02-10 11:55:11,346 - Knowledge - INFO - knowledge worker kw7 start
2026-02-10 11:55:11,346 - Knowledge - INFO - Worker kw8 created using shared MongoDB connection pool
2026-02-10 11:55:11,347 - Knowledge - INFO - Worker kw2 processing /app/data/T0002/216969/b7126ae/ionic-taxi-booking-app-web-admin-216969/pages/autocomplete/autocomplete.scss
2026-02-10 11:55:11,347 - Knowledge - INFO - Worker kw1 processing /app/data/T0002/216969/b7126ae/ionic-taxi-booking-app-web-admin-216969/pages/entrance/entrance.ts
2026-02-10 11:55:11,347 - Knowledge - INFO - Fast-tracked /app/data/T0002/216969/b7126ae/ionic-taxi-booking-app-web-admin-216969/pages/history/history.html (ext=.html, size=592)
2026-02-10 11:55:11,348 - Knowledge - INFO - Worker kw5 processing /app/data/T0002/216969/b7126ae/ionic-taxi-booking-app-web-admin-216969/pages/phone/phone.html
2026-02-10 11:55:11,348 - Knowledge - INFO - Worker kw4 processing /app/data/T0002/216969/b7126ae/ionic-taxi-booking-app-web-admin-216969/pages/card/card.html
2026-02-10 11:55:11,349 - Knowledge - INFO - knowledge worker kw8 start
2026-02-10 11:55:11,349 - Knowledge - INFO - Worker kw9 created using shared MongoDB connection pool
2026-02-10 11:55:11,350 - Knowledge - INFO - Fast-tracked /app/data/T0002/216969/b7126ae/ionic-taxi-booking-app-web-admin-216969/pages/autocomplete/autocomplete.scss (ext=.scss, size=52)
2026-02-10 11:55:11,351 - Knowledge - INFO - Fast-tracked /app/data/T0002/216969/b7126ae/ionic-taxi-booking-app-web-admin-216969/pages/entrance/entrance.ts (ext=.ts, size=867)
2026-02-10 11:55:11,351 - Knowledge - INFO - Worker kw3 processing /app/data/T0002/216969/b7126ae/ionic-taxi-booking-app-web-admin-216969/pages/history/history.module.ts
2026-02-10 11:55:11,352 - Knowledge - INFO - Worker kw5 processing /app/data/T0002/216969/b7126ae/ionic-taxi-booking-app-web-admin-216969/pages/phone/phone.module.ts
2026-02-10 11:55:11,353 - Knowledge - INFO - Worker kw4 processing /app/data/T0002/216969/b7126ae/ionic-taxi-booking-app-web-admin-216969/pages/card/card.module.ts
2026-02-10 11:55:11,603 - Knowledge - INFO - knowledge worker kw9 start
2026-02-10 11:55:11,606 - Knowledge - INFO - [kw7] Queue=145, InProgress=0, PendingWorkers=5/8, Completed=0/170 (0.0%)
2026-02-10 11:55:11,606 - Knowledge - INFO - Worker kw10 created using shared MongoDB connection pool
2026-02-10 11:55:11,606 - Knowledge - INFO - [kw6] Queue=145, InProgress=0, PendingWorkers=5/9, Completed=0/170 (0.0%)
2026-02-10 11:55:11,607 - Knowledge - INFO - [kw8] Queue=145, InProgress=0, PendingWorkers=5/9, Completed=0/170 (0.0%)
2026-02-10 11:55:11,607 - Knowledge - INFO - Worker kw2 processing /app/data/T0002/216969/b7126ae/ionic-taxi-booking-app-web-admin-216969/pages/autocomplete/autocomplete.html
2026-02-10 11:55:11,610 - Knowledge - INFO - Worker kw1 processing /app/data/T0002/216969/b7126ae/ionic-taxi-booking-app-web-admin-216969/pages/entrance/entrance.html
2026-02-10 11:55:11,611 - Knowledge - INFO - Fast-tracked /app/data/T0002/216969/b7126ae/ionic-taxi-booking-app-web-admin-216969/pages/history/history.module.ts (ext=.ts, size=264)
2026-02-10 11:55:11,622 - Knowledge - INFO - Fast-tracked /app/data/T0002/216969/b7126ae/ionic-taxi-booking-app-web-admin-216969/pages/phone/phone.module.ts (ext=.ts, size=254)
2026-02-10 11:55:11,623 - Knowledge - INFO - Fast-tracked /app/data/T0002/216969/b7126ae/ionic-taxi-booking-app-web-admin-216969/pages/card/card.module.ts (ext=.ts, size=249)
2026-02-10 11:55:11,624 - Knowledge - INFO - [kw9] Queue=145, InProgress=0, PendingWorkers=5/9, Completed=0/170 (0.0%)
2026-02-10 11:55:11,624 - Knowledge - INFO - Batch sizing: calculated=5, max_allowed=10, queue=145, active_workers=5/9
2026-02-10 11:55:11,625 - Knowledge - INFO - knowledge worker kw10 start
2026-02-10 11:55:11,625 - Knowledge - INFO - Batch sizing: calculated=5, max_allowed=10, queue=145, active_workers=5/9
2026-02-10 11:55:11,625 - Knowledge - INFO - Worker kw11 created using shared MongoDB connection pool
2026-02-10 11:55:11,626 - Knowledge - INFO - Batch sizing: calculated=5, max_allowed=10, queue=145, active_workers=5/10
2026-02-10 11:55:11,627 - Knowledge - INFO - Fast-tracked /app/data/T0002/216969/b7126ae/ionic-taxi-booking-app-web-admin-216969/pages/entrance/entrance.html (ext=.html, size=204)
2026-02-10 11:55:11,627 - Knowledge - INFO - Fast-tracked /app/data/T0002/216969/b7126ae/ionic-taxi-booking-app-web-admin-216969/pages/autocomplete/autocomplete.html (ext=.html, size=460)
2026-02-10 11:55:11,628 - Knowledge - INFO - Worker kw3 processing /app/data/T0002/216969/b7126ae/ionic-taxi-booking-app-web-admin-216969/pages/history/history.ts
2026-02-10 11:55:11,630 - Knowledge - INFO - Worker kw5 processing /app/data/T0002/216969/b7126ae/ionic-taxi-booking-app-web-admin-216969/pages/phone/phone.ts
2026-02-10 11:55:11,630 - Knowledge - INFO - Worker kw4 processing /app/data/T0002/216969/b7126ae/ionic-taxi-booking-app-web-admin-216969/pages/card/card.ts
2026-02-10 11:55:11,631 - Knowledge - INFO - Batch sizing: calculated=5, max_allowed=10, queue=145, active_workers=5/10
2026-02-10 11:55:11,632 - Knowledge - INFO - Worker kw7 processing /app/data/T0002/216969/b7126ae/ionic-taxi-booking-app-web-admin-216969/pages/signup/signup.ts
2026-02-10 11:55:11,632 - Knowledge - INFO - [kw10] Queue=140, InProgress=0, PendingWorkers=6/10, Completed=0/170 (0.0%)
2026-02-10 11:55:11,633 - Knowledge - INFO - Worker kw6 processing /app/data/T0002/216969/b7126ae/ionic-taxi-booking-app-web-admin-216969/pages/login-entrance/login-entrance.module.ts
2026-02-10 11:55:11,634 - Knowledge - INFO - Worker kw8 processing /app/data/T0002/216969/b7126ae/ionic-taxi-booking-app-web-admin-216969/pages/login/login.html
2026-02-10 11:55:11,634 - Knowledge - INFO - knowledge worker kw11 start
2026-02-10 11:55:11,634 - Knowledge - INFO - Worker kw12 created using shared MongoDB connection pool
2026-02-10 11:55:11,635 - Knowledge - INFO - Worker kw1 processing /app/data/T0002/216969/b7126ae/ionic-taxi-booking-app-web-admin-216969/pages/rate/rate.scss
2026-02-10 11:55:11,635 - Knowledge - INFO - Fast-tracked /app/data/T0002/216969/b7126ae/ionic-taxi-booking-app-web-admin-216969/pages/rate/rate.scss (ext=.scss, size=279)
2026-02-10 11:55:11,636 - Knowledge - INFO - Fast-tracked /app/data/T0002/216969/b7126ae/ionic-taxi-booking-app-web-admin-216969/pages/history/history.ts (ext=.ts, size=975)
2026-02-10 11:55:11,637 - Knowledge - INFO - Worker kw4 processing /app/data/T0002/216969/b7126ae/ionic-taxi-booking-app-web-admin-216969/pages/phone/phone.scss
2026-02-10 11:55:11,637 - Knowledge - INFO - Fast-tracked /app/data/T0002/216969/b7126ae/ionic-taxi-booking-app-web-admin-216969/pages/phone/phone.ts (ext=.ts, size=1617)
2026-02-10 11:55:11,637 - Knowledge - INFO - Worker kw9 processing /app/data/T0002/216969/b7126ae/ionic-taxi-booking-app-web-admin-216969/pages/history-details/history-details.ts
2026-02-10 11:55:11,638 - Knowledge - INFO - Fast-tracked /app/data/T0002/216969/b7126ae/ionic-taxi-booking-app-web-admin-216969/pages/signup/signup.ts (ext=.ts, size=1985)
2026-02-10 11:55:11,639 - Knowledge - INFO - Batch sizing: calculated=5, max_allowed=10, queue=140, active_workers=9/11
2026-02-10 11:55:11,640 - Knowledge - INFO - Fast-tracked /app/data/T0002/216969/b7126ae/ionic-taxi-booking-app-web-admin-216969/pages/login-entrance/login-entrance.module.ts (ext=.ts, size=314)
2026-02-10 11:55:11,640 - Knowledge - INFO - Worker kw8 processing /app/data/T0002/216969/b7126ae/ionic-taxi-booking-app-web-admin-216969/pages/login/login.module.ts
2026-02-10 11:55:11,644 - Knowledge - INFO - knowledge worker kw12 start
2026-02-10 11:55:11,644 - Knowledge - INFO - Worker kw2 processing /app/data/T0002/216969/b7126ae/ionic-taxi-booking-app-web-admin-216969/pages/autocomplete/autocomplete.module.ts
2026-02-10 11:55:11,644 - Knowledge - INFO - Worker kw13 created using shared MongoDB connection pool
2026-02-10 11:55:11,645 - Knowledge - INFO - [kw11] Queue=125, InProgress=0, PendingWorkers=9/12, Completed=0/170 (0.0%)
2026-02-10 11:55:11,647 - Knowledge - INFO - Worker kw5 processing /app/data/T0002/216969/b7126ae/ionic-taxi-booking-app-web-admin-216969/pages/signup/signup.scss
2026-02-10 11:55:11,647 - Knowledge - INFO - Fast-tracked /app/data/T0002/216969/b7126ae/ionic-taxi-booking-app-web-admin-216969/pages/phone/phone.scss (ext=.scss, size=835)
2026-02-10 11:55:11,648 - Knowledge - INFO - Fast-tracked /app/data/T0002/216969/b7126ae/ionic-taxi-booking-app-web-admin-216969/pages/history-details/history-details.ts (ext=.ts, size=739)
2026-02-10 11:55:11,648 - Knowledge - INFO - Worker kw7 processing /app/data/T0002/216969/b7126ae/ionic-taxi-booking-app-web-admin-216969/pages/signup/signup.module.ts
2026-02-10 11:55:11,649 - Knowledge - INFO - Worker kw10 processing /app/data/T0002/216969/b7126ae/ionic-taxi-booking-app-web-admin-216969/pages/support/support.module.ts
2026-02-10 11:55:11,649 - Knowledge - INFO - Worker kw6 processing /app/data/T0002/216969/b7126ae/ionic-taxi-booking-app-web-admin-216969/pages/profile/profile.html
2026-02-10 11:55:11,649 - Knowledge - INFO - Fast-tracked /app/data/T0002/216969/b7126ae/ionic-taxi-booking-app-web-admin-216969/pages/login/login.module.ts (ext=.ts, size=254)
2026-02-10 11:55:11,650 - Knowledge - INFO - Fast-tracked /app/data/T0002/216969/b7126ae/ionic-taxi-booking-app-web-admin-216969/pages/autocomplete/autocomplete.module.ts (ext=.ts, size=289)
2026-02-10 11:55:11,650 - Knowledge - INFO - [kw12] Queue=120, InProgress=0, PendingWorkers=10/12, Completed=3/170 (1.8%)
2026-02-10 11:55:11,651 - Knowledge - INFO - knowledge worker kw13 start
2026-02-10 11:55:11,651 - Knowledge - INFO - Worker kw14 created using shared MongoDB connection pool
2026-02-10 11:55:11,652 - Knowledge - INFO - Batch sizing: calculated=5, max_allowed=10, queue=125, active_workers=10/13
2026-02-10 11:55:11,652 - Knowledge - INFO - Fast-tracked /app/data/T0002/216969/b7126ae/ionic-taxi-booking-app-web-admin-216969/pages/signup/signup.scss (ext=.scss, size=684)
2026-02-10 11:55:11,652 - Knowledge - INFO - Worker kw9 processing /app/data/T0002/216969/b7126ae/ionic-taxi-booking-app-web-admin-216969/pages/history-details/history-details.module.ts
2026-02-10 11:55:11,653 - Knowledge - INFO - Fast-tracked /app/data/T0002/216969/b7126ae/ionic-taxi-booking-app-web-admin-216969/pages/signup/signup.module.ts (ext=.ts, size=259)
2026-02-10 11:55:11,653 - Knowledge - INFO - Fast-tracked /app/data/T0002/216969/b7126ae/ionic-taxi-booking-app-web-admin-216969/pages/support/support.module.ts (ext=.ts, size=264)
2026-02-10 11:55:11,654 - Knowledge - INFO - Worker kw6 processing /app/data/T0002/216969/b7126ae/ionic-taxi-booking-app-web-admin-216969/pages/profile/profile.module.ts
2026-02-10 11:55:11,654 - Knowledge - INFO - Worker kw8 processing /app/data/T0002/216969/b7126ae/ionic-taxi-booking-app-web-admin-216969/pages/login/login.ts
2026-02-10 11:55:11,656 - Knowledge - INFO - Batch sizing: calculated=5, max_allowed=10, queue=120, active_workers=10/13
2026-02-10 11:55:11,659 - Knowledge - INFO - knowledge worker kw14 start
2026-02-10 11:55:11,660 - Knowledge - INFO - [kw13] Queue=120, InProgress=0, PendingWorkers=10/13, Completed=8/170 (4.7%)
2026-02-10 11:55:11,660 - Knowledge - INFO - Worker kw15 created using shared MongoDB connection pool
2026-02-10 11:55:11,660 - Knowledge - INFO - Worker kw11 processing /app/data/T0002/216969/b7126ae/ionic-taxi-booking-app-web-admin-216969/pages/promo/promo.scss
2026-02-10 11:55:11,661 - Knowledge - INFO - Worker kw5 processing /app/data/T0002/216969/b7126ae/ionic-taxi-booking-app-web-admin-216969/pages/signup/signup.html
2026-02-10 11:55:11,662 - Knowledge - INFO - Worker kw7 processing /app/data/T0002/216969/b7126ae/ionic-taxi-booking-app-web-admin-216969/pages/login-entrance/login-entrance.scss
2026-02-10 11:55:11,662 - Knowledge - INFO - Fast-tracked /app/data/T0002/216969/b7126ae/ionic-taxi-booking-app-web-admin-216969/pages/history-details/history-details.module.ts (ext=.ts, size=300)
2026-02-10 11:55:11,663 - Knowledge - INFO - Worker kw10 processing /app/data/T0002/216969/b7126ae/ionic-taxi-booking-app-web-admin-216969/pages/support/support.scss
2026-02-10 11:55:11,663 - Knowledge - INFO - Fast-tracked /app/data/T0002/216969/b7126ae/ionic-taxi-booking-app-web-admin-216969/pages/profile/profile.module.ts (ext=.ts, size=264)
2026-02-10 11:55:11,664 - Knowledge - INFO - Worker kw8 processing /app/data/T0002/216969/b7126ae/ionic-taxi-booking-app-web-admin-216969/pages/login/login.scss
2026-02-10 11:55:11,664 - Knowledge - INFO - Worker kw12 processing /app/data/T0002/216969/b7126ae/ionic-taxi-booking-app-web-admin-216969/pages/reset-password/reset-password.ts
2026-02-10 11:55:11,665 - Knowledge - INFO - [kw14] Queue=110, InProgress=0, PendingWorkers=12/14, Completed=8/170 (4.7%)
2026-02-10 11:55:11,665 - Knowledge - INFO - Batch sizing: calculated=5, max_allowed=10, queue=120, active_workers=12/14
2026-02-10 11:55:11,666 - Knowledge - INFO - knowledge worker kw15 start
2026-02-10 11:55:11,666 - Knowledge - INFO - Fast-tracked /app/data/T0002/216969/b7126ae/ionic-taxi-booking-app-web-admin-216969/pages/promo/promo.scss (ext=.scss, size=16)
2026-02-10 11:55:11,667 - Knowledge - INFO - Worker kw16 created using shared MongoDB connection pool
2026-02-10 11:55:11,668 - Knowledge - INFO - Worker kw9 processing /app/data/T0002/216969/b7126ae/ionic-taxi-booking-app-web-admin-216969/pages/history-details/history-details.scss
2026-02-10 11:55:11,668 - Knowledge - INFO - Fast-tracked /app/data/T0002/216969/b7126ae/ionic-taxi-booking-app-web-admin-216969/pages/login-entrance/login-entrance.scss (ext=.scss, size=2135)
2026-02-10 11:55:11,673 - Knowledge - INFO - Fast-tracked /app/data/T0002/216969/b7126ae/ionic-taxi-booking-app-web-admin-216969/pages/support/support.scss (ext=.scss, size=18)
2026-02-10 11:55:11,673 - Knowledge - INFO - Fast-tracked /app/data/T0002/216969/b7126ae/ionic-taxi-booking-app-web-admin-216969/pages/phone/phone.html (small file (2489 bytes))
2026-02-10 11:55:11,674 - Knowledge - INFO - Worker kw6 processing /app/data/T0002/216969/b7126ae/ionic-taxi-booking-app-web-admin-216969/pages/profile/profile.ts
2026-02-10 11:55:11,723 - Knowledge - INFO - Processing batch of 5 files
2026-02-10 11:55:11,727 - Knowledge - INFO - Fast-tracked /app/data/T0002/216969/b7126ae/ionic-taxi-booking-app-web-admin-216969/pages/reset-password/reset-password.ts (ext=.ts, size=1633)
2026-02-10 11:55:11,728 - Knowledge - INFO - Fast-tracked /app/data/T0002/216969/b7126ae/ionic-taxi-booking-app-web-admin-216969/pages/login/login.scss (ext=.scss, size=1881)
2026-02-10 11:55:11,728 - Knowledge - INFO - Batch sizing: calculated=5, max_allowed=10, queue=110, active_workers=12/15
2026-02-10 11:55:11,736 - Knowledge - INFO - Worker kw13 processing /app/data/T0002/216969/b7126ae/ionic-taxi-booking-app-web-admin-216969/src/pages/entrance/entrance.module.ts
2026-02-10 11:55:11,742 - Knowledge - INFO - Fast-tracked /app/data/T0002/216969/b7126ae/ionic-taxi-booking-app-web-admin-216969/pages/card/card.ts (small file (2962 bytes))
2026-02-10 11:55:11,745 - Knowledge - INFO - [kw15] Queue=105, InProgress=0, PendingWorkers=13/15, Completed=11/170 (6.5%)
2026-02-10 11:55:11,745 - Knowledge - INFO - Worker kw11 processing /app/data/T0002/216969/b7126ae/ionic-taxi-booking-app-web-admin-216969/pages/startup/startup.ts
2026-02-10 11:55:11,746 - Knowledge - INFO - Processing batch of 5 files
2026-02-10 11:55:11,748 - Knowledge - INFO - knowledge worker kw16 start
2026-02-10 11:55:11,749 - Knowledge - INFO - Worker kw17 created using shared MongoDB connection pool
2026-02-10 11:55:11,749 - Knowledge - INFO - Fast-tracked /app/data/T0002/216969/b7126ae/ionic-taxi-booking-app-web-admin-216969/pages/history-details/history-details.scss (ext=.scss, size=334)
2026-02-10 11:55:11,750 - Knowledge - INFO - Worker kw7 processing /app/data/T0002/216969/b7126ae/ionic-taxi-booking-app-web-admin-216969/pages/login-entrance/login-entrance.html
2026-02-10 11:55:11,750 - Knowledge - INFO - Worker kw10 processing /app/data/T0002/216969/b7126ae/ionic-taxi-booking-app-web-admin-216969/pages/promo/promo.html
2026-02-10 11:55:11,751 - Knowledge - INFO - process ingested knowledge for /app/data/T0002/216969/b7126ae/ionic-taxi-booking-app-web-admin-216969/pages/entrance/entrance.scss
2026-02-10 11:55:11,751 - Knowledge - INFO - Fast-tracked /app/data/T0002/216969/b7126ae/ionic-taxi-booking-app-web-admin-216969/pages/profile/profile.ts (ext=.ts, size=1569)
2026-02-10 11:55:11,751 - Knowledge - INFO - Worker kw12 processing /app/data/T0002/216969/b7126ae/ionic-taxi-booking-app-web-admin-216969/pages/reset-password/reset-password.module.ts
2026-02-10 11:55:11,751 - Knowledge - INFO - Worker kw8 processing /app/data/T0002/216969/b7126ae/ionic-taxi-booking-app-web-admin-216969/pages/history-details/history-details.html
2026-02-10 11:55:11,752 - Knowledge - INFO - Worker kw14 processing /app/data/T0002/216969/b7126ae/ionic-taxi-booking-app-web-admin-216969/src/pages/rate/rate.html
2026-02-10 11:55:11,753 - Knowledge - INFO - Fast-tracked /app/data/T0002/216969/b7126ae/ionic-taxi-booking-app-web-admin-216969/src/pages/entrance/entrance.module.ts (ext=.ts, size=288)
2026-02-10 11:55:11,753 - Knowledge - INFO - Batch sizing: calculated=5, max_allowed=10, queue=105, active_workers=14/16
2026-02-10 11:55:11,754 - Knowledge - INFO - Fast-tracked /app/data/T0002/216969/b7126ae/ionic-taxi-booking-app-web-admin-216969/pages/startup/startup.ts (ext=.ts, size=971)
2026-02-10 11:55:11,754 - Knowledge - INFO - Fast-tracked /app/data/T0002/216969/b7126ae/ionic-taxi-booking-app-web-admin-216969/pages/signup/signup.html (small file (2465 bytes))
2026-02-10 11:55:11,756 - Knowledge - INFO - process ingested knowledge for /app/data/T0002/216969/b7126ae/ionic-taxi-booking-app-web-admin-216969/pages/autocomplete/autocomplete.ts
2026-02-10 11:55:11,757 - Knowledge - INFO - [kw16] Queue=100, InProgress=0, PendingWorkers=14/16, Completed=15/170 (8.8%)
2026-02-10 11:55:11,758 - Knowledge - INFO - knowledge worker kw17 start
2026-02-10 11:55:11,759 - Knowledge - INFO - Worker kw18 created using shared MongoDB connection pool
2026-02-10 11:55:11,759 - Knowledge - INFO - Worker kw9 processing /app/data/T0002/216969/b7126ae/ionic-taxi-booking-app-web-admin-216969/pages/support/support.html
2026-02-10 11:55:11,760 - Knowledge - INFO - Fast-tracked /app/data/T0002/216969/b7126ae/ionic-taxi-booking-app-web-admin-216969/pages/login-entrance/login-entrance.html (ext=.html, size=119)
2026-02-10 11:55:11,761 - Knowledge - INFO - process ingested knowledge for /app/data/T0002/216969/b7126ae/ionic-taxi-booking-app-web-admin-216969/pages/entrance/entrance.module.ts
2026-02-10 11:55:11,761 - Knowledge - INFO - Fast-tracked /app/data/T0002/216969/b7126ae/ionic-taxi-booking-app-web-admin-216969/pages/promo/promo.html (ext=.html, size=401)
2026-02-10 11:55:11,762 - Knowledge - INFO - Worker kw6 processing /app/data/T0002/216969/b7126ae/ionic-taxi-booking-app-web-admin-216969/pages/profile/profile.scss
2026-02-10 11:55:11,763 - Knowledge - INFO - Fast-tracked /app/data/T0002/216969/b7126ae/ionic-taxi-booking-app-web-admin-216969/pages/reset-password/reset-password.module.ts (ext=.ts, size=295)
2026-02-10 11:55:11,764 - Knowledge - INFO - Fast-tracked /app/data/T0002/216969/b7126ae/ionic-taxi-booking-app-web-admin-216969/pages/history-details/history-details.html (ext=.html, size=623)
2026-02-10 11:55:11,764 - Knowledge - INFO - Fast-tracked /app/data/T0002/216969/b7126ae/ionic-taxi-booking-app-web-admin-216969/src/pages/rate/rate.html (ext=.html, size=739)
2026-02-10 11:55:11,765 - Knowledge - INFO - Worker kw13 processing /app/data/T0002/216969/b7126ae/ionic-taxi-booking-app-web-admin-216969/src/pages/entrance/entrance.ts
2026-02-10 11:55:11,766 - Knowledge - INFO - Worker kw15 processing /app/data/T0002/216969/b7126ae/ionic-taxi-booking-app-web-admin-216969/src/pages/history/history.scss
2026-02-10 11:55:11,767 - Knowledge - INFO - Worker kw11 processing /app/data/T0002/216969/b7126ae/ionic-taxi-booking-app-web-admin-216969/pages/startup/startup.module.ts
2026-02-10 11:55:11,768 - Knowledge - INFO - process ingested knowledge for /app/data/T0002/216969/b7126ae/ionic-taxi-booking-app-web-admin-216969/pages/history/history.scss
2026-02-10 11:55:11,770 - Knowledge - INFO - Batch sizing: calculated=4, max_allowed=10, queue=100, active_workers=15/17
2026-02-10 11:55:11,772 - Knowledge - INFO - [kw17] Queue=95, InProgress=0, PendingWorkers=15/17, Completed=17/170 (10.0%)
2026-02-10 11:55:11,772 - Knowledge - INFO - knowledge worker kw18 start
2026-02-10 11:55:11,773 - Knowledge - INFO - Worker kw19 created using shared MongoDB connection pool
2026-02-10 11:55:11,773 - Knowledge - INFO - Worker kw7 processing /app/data/T0002/216969/b7126ae/ionic-taxi-booking-app-web-admin-216969/pages/login-entrance/login-entrance.ts
2026-02-10 11:55:11,774 - Knowledge - INFO - Fast-tracked /app/data/T0002/216969/b7126ae/ionic-taxi-booking-app-web-admin-216969/pages/support/support.html (ext=.html, size=848)
2026-02-10 11:55:11,774 - Knowledge - INFO - process ingested knowledge for /app/data/T0002/216969/b7126ae/ionic-taxi-booking-app-web-admin-216969/pages/entrance/entrance.ts
2026-02-10 11:55:11,776 - Knowledge - INFO - Worker kw10 processing /app/data/T0002/216969/b7126ae/ionic-taxi-booking-app-web-admin-216969/pages/promo/promo.ts
2026-02-10 11:55:11,777 - Knowledge - INFO - Worker kw12 processing /app/data/T0002/216969/b7126ae/ionic-taxi-booking-app-web-admin-216969/pages/reset-password/reset-password.html
2026-02-10 11:55:11,779 - Knowledge - INFO - Fast-tracked /app/data/T0002/216969/b7126ae/ionic-taxi-booking-app-web-admin-216969/pages/profile/profile.scss (ext=.scss, size=682)
2026-02-10 11:55:11,779 - Knowledge - INFO - Worker kw14 processing /app/data/T0002/216969/b7126ae/ionic-taxi-booking-app-web-admin-216969/src/pages/autocomplete/autocomplete.scss
2026-02-10 11:55:11,822 - Knowledge - INFO - Processing batch of 5 files
2026-02-10 11:55:11,823 - Knowledge - INFO - Fast-tracked /app/data/T0002/216969/b7126ae/ionic-taxi-booking-app-web-admin-216969/src/pages/entrance/entrance.ts (ext=.ts, size=867)
2026-02-10 11:55:11,827 - Knowledge - INFO - Fast-tracked /app/data/T0002/216969/b7126ae/ionic-taxi-booking-app-web-admin-216969/pages/login/login.html (small file (2286 bytes))
2026-02-10 11:55:11,827 - Knowledge - INFO - Fast-tracked /app/data/T0002/216969/b7126ae/ionic-taxi-booking-app-web-admin-216969/src/pages/history/history.scss (ext=.scss, size=18)
2026-02-10 11:55:11,830 - Knowledge - INFO - process ingested knowledge for /app/data/T0002/216969/b7126ae/ionic-taxi-booking-app-web-admin-216969/pages/history/history.html
2026-02-10 11:55:11,830 - Knowledge - INFO - Fast-tracked /app/data/T0002/216969/b7126ae/ionic-taxi-booking-app-web-admin-216969/pages/startup/startup.module.ts (ext=.ts, size=283)
2026-02-10 11:55:11,831 - Knowledge - INFO - process ingested knowledge for /app/data/T0002/216969/b7126ae/ionic-taxi-booking-app-web-admin-216969/pages/history/history.module.ts
2026-02-10 11:55:11,831 - Knowledge - INFO - process ingested knowledge for /app/data/T0002/216969/b7126ae/ionic-taxi-booking-app-web-admin-216969/pages/history/history.ts
2026-02-10 11:55:11,833 - Knowledge - INFO - [kw18] Queue=95, InProgress=0, PendingWorkers=15/18, Completed=18/170 (10.6%)
2026-02-10 11:55:11,836 - Knowledge - INFO - Batch sizing: calculated=4, max_allowed=10, queue=95, active_workers=15/18
2026-02-10 11:55:11,837 - Knowledge - INFO - Fast-tracked /app/data/T0002/216969/b7126ae/ionic-taxi-booking-app-web-admin-216969/pages/login-entrance/login-entrance.ts (ext=.ts, size=813)
2026-02-10 11:55:11,837 - Knowledge - INFO - Worker kw9 processing /app/data/T0002/216969/b7126ae/ionic-taxi-booking-app-web-admin-216969/pages/support/support.ts
2026-02-10 11:55:11,839 - Knowledge - INFO - process ingested knowledge for /app/data/T0002/216969/b7126ae/ionic-taxi-booking-app-web-admin-216969/pages/entrance/entrance.html
2026-02-10 11:55:11,842 - Knowledge - INFO - Worker kw12 processing /app/data/T0002/216969/b7126ae/ionic-taxi-booking-app-web-admin-216969/pages/reset-password/reset-password.scss
2026-02-10 11:55:11,843 - Knowledge - INFO - Fast-tracked /app/data/T0002/216969/b7126ae/ionic-taxi-booking-app-web-admin-216969/pages/promo/promo.ts (ext=.ts, size=572)
2026-02-10 11:55:11,844 - Knowledge - INFO - process ingested knowledge for /app/data/T0002/216969/b7126ae/ionic-taxi-booking-app-web-admin-216969/pages/rate/rate.ts
2026-02-10 11:55:11,844 - Knowledge - INFO - Worker kw13 processing /app/data/T0002/216969/b7126ae/ionic-taxi-booking-app-web-admin-216969/src/pages/entrance/entrance.html
2026-02-10 11:55:11,851 - Knowledge - INFO - Fast-tracked /app/data/T0002/216969/b7126ae/ionic-taxi-booking-app-web-admin-216969/src/pages/autocomplete/autocomplete.scss (ext=.scss, size=52)
2026-02-10 11:55:11,854 - Knowledge - INFO - Worker kw15 processing /app/data/T0002/216969/b7126ae/ionic-taxi-booking-app-web-admin-216969/src/pages/history/history.html
2026-02-10 11:55:11,855 - Knowledge - INFO - Processing batch of 5 files
2026-02-10 11:55:11,857 - Knowledge - INFO - Worker kw16 processing /app/data/T0002/216969/b7126ae/ionic-taxi-booking-app-web-admin-216969/src/pages/phone/phone.scss
2026-02-10 11:55:11,858 - Knowledge - INFO - Worker kw11 processing /app/data/T0002/216969/b7126ae/ionic-taxi-booking-app-web-admin-216969/pages/startup/startup.html
2026-02-10 11:55:11,858 - Knowledge - INFO - Batch sizing: calculated=4, max_allowed=10, queue=95, active_workers=16/18
2026-02-10 11:55:11,863 - Knowledge - INFO - knowledge worker kw19 start
2026-02-10 11:55:11,865 - Knowledge - INFO - Worker kw20 created using shared MongoDB connection pool
2026-02-10 11:55:11,873 - Knowledge - INFO - Fast-tracked /app/data/T0002/216969/b7126ae/ionic-taxi-booking-app-web-admin-216969/pages/support/support.ts (ext=.ts, size=787)
2026-02-10 11:55:11,882 - Knowledge - INFO - Worker kw10 processing /app/data/T0002/216969/b7126ae/ionic-taxi-booking-app-web-admin-216969/pages/promo/promo.module.ts
2026-02-10 11:55:11,884 - Knowledge - INFO - Fast-tracked /app/data/T0002/216969/b7126ae/ionic-taxi-booking-app-web-admin-216969/pages/reset-password/reset-password.scss (ext=.scss, size=719)
2026-02-10 11:55:11,885 - Knowledge - INFO - Fast-tracked /app/data/T0002/216969/b7126ae/ionic-taxi-booking-app-web-admin-216969/src/pages/entrance/entrance.html (ext=.html, size=204)
2026-02-10 11:55:11,886 - Knowledge - INFO - Worker kw14 processing /app/data/T0002/216969/b7126ae/ionic-taxi-booking-app-web-admin-216969/src/pages/autocomplete/autocomplete.html
2026-02-10 11:55:11,888 - Knowledge - INFO - process ingested knowledge for /app/data/T0002/216969/b7126ae/ionic-taxi-booking-app-web-admin-216969/pages/phone/phone.html
2026-02-10 11:55:11,924 - Knowledge - INFO - Fast-tracked /app/data/T0002/216969/b7126ae/ionic-taxi-booking-app-web-admin-216969/src/pages/history/history.html (ext=.html, size=592)
2026-02-10 11:55:11,925 - Knowledge - INFO - Fast-tracked /app/data/T0002/216969/b7126ae/ionic-taxi-booking-app-web-admin-216969/src/pages/phone/phone.scss (ext=.scss, size=835)
2026-02-10 11:55:11,935 - Knowledge - INFO - Fast-tracked /app/data/T0002/216969/b7126ae/ionic-taxi-booking-app-web-admin-216969/pages/startup/startup.html (ext=.html, size=232)
2026-02-10 11:55:11,936 - Knowledge - INFO - knowledge worker kw20 start
2026-02-10 11:55:11,939 - Knowledge - INFO - Fast-tracked /app/data/T0002/216969/b7126ae/ionic-taxi-booking-app-web-admin-216969/pages/promo/promo.module.ts (ext=.ts, size=254)
2026-02-10 11:55:11,941 - Knowledge - INFO - Worker kw12 processing /app/data/T0002/216969/b7126ae/ionic-taxi-booking-app-web-admin-216969/src/pages/entrance/entrance.scss
2026-02-10 11:55:11,941 - Knowledge - INFO - Worker kw13 processing /app/data/T0002/216969/b7126ae/ionic-taxi-booking-app-web-admin-216969/src/pages/rate/rate.scss
2026-02-10 11:55:11,950 - Knowledge - INFO - Fast-tracked /app/data/T0002/216969/b7126ae/ionic-taxi-booking-app-web-admin-216969/src/pages/autocomplete/autocomplete.html (ext=.html, size=460)
2026-02-10 11:55:11,951 - Knowledge - INFO - Worker kw15 processing /app/data/T0002/216969/b7126ae/ionic-taxi-booking-app-web-admin-216969/src/pages/history/history.module.ts
2026-02-10 11:55:11,953 - Knowledge - INFO - Worker kw16 processing /app/data/T0002/216969/b7126ae/ionic-taxi-booking-app-web-admin-216969/src/pages/phone/phone.html
2026-02-10 11:55:11,955 - Knowledge - INFO - Worker kw11 processing /app/data/T0002/216969/b7126ae/ionic-taxi-booking-app-web-admin-216969/pages/startup/startup.scss
2026-02-10 11:55:11,959 - Knowledge - INFO - Fast-tracked /app/data/T0002/216969/b7126ae/ionic-taxi-booking-app-web-admin-216969/src/pages/entrance/entrance.scss (ext=.scss, size=19)
2026-02-10 11:55:11,959 - Knowledge - INFO - Fast-tracked /app/data/T0002/216969/b7126ae/ionic-taxi-booking-app-web-admin-216969/src/pages/rate/rate.scss (ext=.scss, size=279)
2026-02-10 11:55:11,960 - Knowledge - INFO - Worker kw14 processing /app/data/T0002/216969/b7126ae/ionic-taxi-booking-app-web-admin-216969/src/pages/autocomplete/autocomplete.module.ts
2026-02-10 11:55:11,962 - Knowledge - INFO - Fast-tracked /app/data/T0002/216969/b7126ae/ionic-taxi-booking-app-web-admin-216969/src/pages/history/history.module.ts (ext=.ts, size=264)
2026-02-10 11:55:11,963 - Knowledge - INFO - Worker kw16 processing /app/data/T0002/216969/b7126ae/ionic-taxi-booking-app-web-admin-216969/src/pages/phone/phone.module.ts
2026-02-10 11:55:11,965 - Knowledge - INFO - Fast-tracked /app/data/T0002/216969/b7126ae/ionic-taxi-booking-app-web-admin-216969/pages/startup/startup.scss (ext=.scss, size=18)
2026-02-10 11:55:11,965 - Knowledge - INFO - Worker kw13 processing /app/data/T0002/216969/b7126ae/ionic-taxi-booking-app-web-admin-216969/src/pages/rate/rate.ts
2026-02-10 11:55:11,967 - Knowledge - INFO - Worker kw15 processing /app/data/T0002/216969/b7126ae/ionic-taxi-booking-app-web-admin-216969/src/pages/history/history.ts
2026-02-10 11:55:11,967 - Knowledge - INFO - Fast-tracked /app/data/T0002/216969/b7126ae/ionic-taxi-booking-app-web-admin-216969/src/pages/autocomplete/autocomplete.module.ts (ext=.ts, size=289)
2026-02-10 11:55:11,968 - Knowledge - INFO - Fast-tracked /app/data/T0002/216969/b7126ae/ionic-taxi-booking-app-web-admin-216969/src/pages/phone/phone.module.ts (ext=.ts, size=254)
2026-02-10 11:55:11,969 - Knowledge - INFO - Fast-tracked /app/data/T0002/216969/b7126ae/ionic-taxi-booking-app-web-admin-216969/pages/reset-password/reset-password.html (small file (2333 bytes))
2026-02-10 11:55:11,970 - Knowledge - INFO - Fast-tracked /app/data/T0002/216969/b7126ae/ionic-taxi-booking-app-web-admin-216969/src/pages/history/history.ts (ext=.ts, size=975)
2026-02-10 11:55:11,972 - Knowledge - INFO - Worker kw14 processing /app/data/T0002/216969/b7126ae/ionic-taxi-booking-app-web-admin-216969/src/pages/autocomplete/autocomplete.ts
2026-02-10 11:55:11,972 - Knowledge - INFO - Worker kw16 processing /app/data/T0002/216969/b7126ae/ionic-taxi-booking-app-web-admin-216969/src/pages/phone/phone.ts
2026-02-10 11:55:11,975 - Knowledge - INFO - Fast-tracked /app/data/T0002/216969/b7126ae/ionic-taxi-booking-app-web-admin-216969/src/pages/phone/phone.ts (ext=.ts, size=1617)
2026-02-10 11:55:11,975 - Knowledge - INFO - Worker kw15 processing /app/data/T0002/216969/b7126ae/ionic-taxi-booking-app-web-admin-216969/src/pages/card/card.module.ts
2026-02-10 11:55:11,976 - Knowledge - INFO - Fast-tracked /app/data/T0002/216969/b7126ae/ionic-taxi-booking-app-web-admin-216969/src/pages/rate/rate.ts (ext=.ts, size=954)
2026-02-10 11:55:11,978 - Knowledge - INFO - Fast-tracked /app/data/T0002/216969/b7126ae/ionic-taxi-booking-app-web-admin-216969/src/pages/autocomplete/autocomplete.ts (ext=.ts, size=1102)
2026-02-10 11:55:11,983 - Knowledge - INFO - Fast-tracked /app/data/T0002/216969/b7126ae/ionic-taxi-booking-app-web-admin-216969/src/pages/card/card.module.ts (ext=.ts, size=249)
2026-02-10 11:55:11,986 - Knowledge - INFO - Fast-tracked /app/data/T0002/216969/b7126ae/ionic-taxi-booking-app-web-admin-216969/src/pages/phone/phone.html (small file (2489 bytes))
2026-02-10 11:55:12,031 - Knowledge - INFO - Worker kw18 processing /app/data/T0002/216969/b7126ae/ionic-taxi-booking-app-web-admin-216969/src/pages/signup/signup.scss
2026-02-10 11:55:12,032 - Knowledge - INFO - Fast-tracked /app/data/T0002/216969/b7126ae/ionic-taxi-booking-app-web-admin-216969/src/pages/signup/signup.scss (ext=.scss, size=684)
2026-02-10 11:55:12,034 - Knowledge - INFO - process ingested knowledge for /app/data/T0002/216969/b7126ae/ionic-taxi-booking-app-web-admin-216969/pages/rate/rate.html
2026-02-10 11:55:12,035 - Knowledge - INFO - Worker kw18 processing /app/data/T0002/216969/b7126ae/ionic-taxi-booking-app-web-admin-216969/src/pages/signup/signup.html
2026-02-10 11:55:12,035 - Knowledge - INFO - Worker kw17 processing /app/data/T0002/216969/b7126ae/ionic-taxi-booking-app-web-admin-216969/src/pages/login-entrance/login-entrance.scss
2026-02-10 11:55:12,036 - Knowledge - INFO - [kw19] Queue=83, InProgress=0, PendingWorkers=18/20, Completed=21/170 (12.4%)
2026-02-10 11:55:12,036 - Knowledge - INFO - process ingested knowledge for /app/data/T0002/216969/b7126ae/ionic-taxi-booking-app-web-admin-216969/pages/phone/phone.module.ts
2026-02-10 11:55:12,036 - Knowledge - INFO - [kw20] Queue=83, InProgress=0, PendingWorkers=18/20, Completed=21/170 (12.4%)
2026-02-10 11:55:12,038 - Knowledge - INFO - Worker kw18 processing /app/data/T0002/216969/b7126ae/ionic-taxi-booking-app-web-admin-216969/src/pages/signup/signup.ts
2026-02-10 11:55:12,061 - Knowledge - INFO - Fast-tracked /app/data/T0002/216969/b7126ae/ionic-taxi-booking-app-web-admin-216969/src/pages/login-entrance/login-entrance.scss (ext=.scss, size=2135)
2026-02-10 11:55:12,063 - Knowledge - INFO - Batch sizing: calculated=4, max_allowed=10, queue=83, active_workers=18/20
2026-02-10 11:55:12,069 - Knowledge - INFO - process ingested knowledge for /app/data/T0002/216969/b7126ae/ionic-taxi-booking-app-web-admin-216969/pages/rate/rate.scss
2026-02-10 11:55:12,069 - Knowledge - INFO - Batch sizing: calculated=4, max_allowed=10, queue=83, active_workers=18/20
2026-02-10 11:55:12,076 - Knowledge - INFO - process ingested knowledge for /app/data/T0002/216969/b7126ae/ionic-taxi-booking-app-web-admin-216969/pages/autocomplete/autocomplete.scss
2026-02-10 11:55:12,076 - Knowledge - INFO - Worker kw17 processing /app/data/T0002/216969/b7126ae/ionic-taxi-booking-app-web-admin-216969/src/pages/login-entrance/login-entrance.html
2026-02-10 11:55:12,078 - Knowledge - INFO - process ingested knowledge for /app/data/T0002/216969/b7126ae/ionic-taxi-booking-app-web-admin-216969/pages/phone/phone.ts
2026-02-10 11:55:12,079 - Knowledge - INFO - Fast-tracked /app/data/T0002/216969/b7126ae/ionic-taxi-booking-app-web-admin-216969/src/pages/signup/signup.ts (ext=.ts, size=1985)
2026-02-10 11:55:12,126 - Knowledge - INFO - Fast-tracked /app/data/T0002/216969/b7126ae/ionic-taxi-booking-app-web-admin-216969/src/pages/login-entrance/login-entrance.html (ext=.html, size=119)
2026-02-10 11:55:12,128 - Knowledge - INFO - Worker kw18 processing /app/data/T0002/216969/b7126ae/ionic-taxi-booking-app-web-admin-216969/src/pages/signup/signup.module.ts
2026-02-10 11:55:12,128 - Knowledge - INFO - Worker kw17 processing /app/data/T0002/216969/b7126ae/ionic-taxi-booking-app-web-admin-216969/src/pages/login-entrance/login-entrance.ts
2026-02-10 11:55:12,131 - Knowledge - INFO - Fast-tracked /app/data/T0002/216969/b7126ae/ionic-taxi-booking-app-web-admin-216969/src/pages/signup/signup.module.ts (ext=.ts, size=259)
2026-02-10 11:55:12,132 - Knowledge - INFO - Fast-tracked /app/data/T0002/216969/b7126ae/ionic-taxi-booking-app-web-admin-216969/src/pages/login-entrance/login-entrance.ts (ext=.ts, size=813)
2026-02-10 11:55:12,132 - Knowledge - INFO - Worker kw17 processing /app/data/T0002/216969/b7126ae/ionic-taxi-booking-app-web-admin-216969/src/pages/login-entrance/login-entrance.module.ts
2026-02-10 11:55:12,134 - Knowledge - INFO - Fast-tracked /app/data/T0002/216969/b7126ae/ionic-taxi-booking-app-web-admin-216969/src/pages/login-entrance/login-entrance.module.ts (ext=.ts, size=314)
2026-02-10 11:55:12,138 - Knowledge - INFO - Fast-tracked /app/data/T0002/216969/b7126ae/ionic-taxi-booking-app-web-admin-216969/src/pages/signup/signup.html (small file (2465 bytes))
2026-02-10 11:55:12,226 - Knowledge - INFO - Worker kw19 processing /app/data/T0002/216969/b7126ae/ionic-taxi-booking-app-web-admin-216969/src/pages/payment/payment.scss
2026-02-10 11:55:12,228 - Knowledge - INFO - Fast-tracked /app/data/T0002/216969/b7126ae/ionic-taxi-booking-app-web-admin-216969/src/pages/payment/payment.scss (ext=.scss, size=127)
2026-02-10 11:55:12,231 - Knowledge - INFO - Worker kw19 processing /app/data/T0002/216969/b7126ae/ionic-taxi-booking-app-web-admin-216969/src/pages/payment/payment.html
2026-02-10 11:55:12,235 - Knowledge - INFO - process ingested knowledge for /app/data/T0002/216969/b7126ae/ionic-taxi-booking-app-web-admin-216969/pages/autocomplete/autocomplete.html
2026-02-10 11:55:12,236 - Knowledge - INFO - Fast-tracked /app/data/T0002/216969/b7126ae/ionic-taxi-booking-app-web-admin-216969/src/pages/payment/payment.html (ext=.html, size=1206)
2026-02-10 11:55:12,236 - Knowledge - INFO - process ingested knowledge for /app/data/T0002/216969/b7126ae/ionic-taxi-booking-app-web-admin-216969/pages/signup/signup.scss
2026-02-10 11:55:12,236 - Knowledge - INFO - Worker kw19 processing /app/data/T0002/216969/b7126ae/ionic-taxi-booking-app-web-admin-216969/src/pages/payment/payment.ts
2026-02-10 11:55:12,239 - Knowledge - INFO - Worker kw20 processing /app/data/T0002/216969/b7126ae/ionic-taxi-booking-app-web-admin-216969/src/pages/profile/profile.html
2026-02-10 11:55:12,239 - Knowledge - INFO - Fast-tracked /app/data/T0002/216969/b7126ae/ionic-taxi-booking-app-web-admin-216969/src/pages/payment/payment.ts (ext=.ts, size=1292)
2026-02-10 11:55:12,239 - Knowledge - INFO - Worker kw20 processing /app/data/T0002/216969/b7126ae/ionic-taxi-booking-app-web-admin-216969/src/pages/profile/profile.module.ts
2026-02-10 11:55:12,243 - Knowledge - INFO - Worker kw19 processing /app/data/T0002/216969/b7126ae/ionic-taxi-booking-app-web-admin-216969/src/pages/payment/payment.module.ts
2026-02-10 11:55:12,245 - Knowledge - INFO - Fast-tracked /app/data/T0002/216969/b7126ae/ionic-taxi-booking-app-web-admin-216969/src/pages/profile/profile.module.ts (ext=.ts, size=264)
2026-02-10 11:55:12,246 - Knowledge - INFO - Fast-tracked /app/data/T0002/216969/b7126ae/ionic-taxi-booking-app-web-admin-216969/src/pages/payment/payment.module.ts (ext=.ts, size=264)
2026-02-10 11:55:12,247 - Knowledge - INFO - Worker kw20 processing /app/data/T0002/216969/b7126ae/ionic-taxi-booking-app-web-admin-216969/src/pages/profile/profile.ts
2026-02-10 11:55:12,250 - Knowledge - INFO - Fast-tracked /app/data/T0002/216969/b7126ae/ionic-taxi-booking-app-web-admin-216969/src/pages/profile/profile.ts (ext=.ts, size=1569)
2026-02-10 11:55:12,251 - Knowledge - INFO - Worker kw20 processing /app/data/T0002/216969/b7126ae/ionic-taxi-booking-app-web-admin-216969/src/pages/profile/profile.scss
2026-02-10 11:55:12,253 - Knowledge - INFO - Fast-tracked /app/data/T0002/216969/b7126ae/ionic-taxi-booking-app-web-admin-216969/src/pages/profile/profile.scss (ext=.scss, size=682)
2026-02-10 11:55:12,399 - Knowledge - INFO - process ingested knowledge for /app/data/T0002/216969/b7126ae/ionic-taxi-booking-app-web-admin-216969/pages/autocomplete/autocomplete.module.ts
2026-02-10 11:55:12,424 - Knowledge - INFO - process ingested knowledge for /app/data/T0002/216969/b7126ae/ionic-taxi-booking-app-web-admin-216969/pages/signup/signup.html
2026-02-10 11:55:12,466 - Knowledge - INFO - Processing batch of 5 files
2026-02-10 11:55:12,466 - Knowledge - INFO - process ingested knowledge for /app/data/T0002/216969/b7126ae/ionic-taxi-booking-app-web-admin-216969/pages/history-details/history-details.ts
2026-02-10 11:55:12,471 - Knowledge - INFO - Processing batch of 5 files
2026-02-10 11:55:12,472 - Knowledge - INFO - process ingested knowledge for /app/data/T0002/216969/b7126ae/ionic-taxi-booking-app-web-admin-216969/pages/signup/signup.ts
2026-02-10 11:55:12,555 - Knowledge - INFO - process ingested knowledge for /app/data/T0002/216969/b7126ae/ionic-taxi-booking-app-web-admin-216969/pages/history-details/history-details.module.ts
2026-02-10 11:55:12,557 - Knowledge - INFO - Processing batch of 5 files
2026-02-10 11:55:12,558 - Knowledge - INFO - process ingested knowledge for /app/data/T0002/216969/b7126ae/ionic-taxi-booking-app-web-admin-216969/src/pages/rate/rate.html
2026-02-10 11:55:12,560 - Knowledge - INFO - Processing batch of 4 files
2026-02-10 11:55:12,560 - Knowledge - INFO - process ingested knowledge for /app/data/T0002/216969/b7126ae/ionic-taxi-booking-app-web-admin-216969/src/pages/phone/phone.scss
2026-02-10 11:55:12,629 - Knowledge - INFO - Processing batch of 5 files
2026-02-10 11:55:12,629 - Knowledge - INFO - process ingested knowledge for /app/data/T0002/216969/b7126ae/ionic-taxi-booking-app-web-admin-216969/src/pages/entrance/entrance.module.ts
2026-02-10 11:55:12,724 - Knowledge - INFO - Processing batch of 5 files
2026-02-10 11:55:12,727 - Knowledge - INFO - process ingested knowledge for /app/data/T0002/216969/b7126ae/ionic-taxi-booking-app-web-admin-216969/pages/promo/promo.scss
2026-02-10 11:55:12,727 - Knowledge - INFO - process ingested knowledge for /app/data/T0002/216969/b7126ae/ionic-taxi-booking-app-web-admin-216969/pages/signup/signup.module.ts
2026-02-10 11:55:12,729 - Knowledge - INFO - process ingested knowledge for /app/data/T0002/216969/b7126ae/ionic-taxi-booking-app-web-admin-216969/src/pages/autocomplete/autocomplete.scss
2026-02-10 11:55:12,740 - Knowledge - INFO - Processing batch of 5 files
2026-02-10 11:55:12,741 - Knowledge - INFO - process ingested knowledge for /app/data/T0002/216969/b7126ae/ionic-taxi-booking-app-web-admin-216969/src/pages/history/history.scss
2026-02-10 11:55:12,742 - Knowledge - INFO - Processing batch of 5 files
2026-02-10 11:55:12,742 - Knowledge - INFO - Processing batch of 4 files
2026-02-10 11:55:12,743 - Knowledge - INFO - process ingested knowledge for /app/data/T0002/216969/b7126ae/ionic-taxi-booking-app-web-admin-216969/pages/support/support.module.ts
2026-02-10 11:55:12,743 - Knowledge - INFO - process ingested knowledge for /app/data/T0002/216969/b7126ae/ionic-taxi-booking-app-web-admin-216969/src/pages/login-entrance/login-entrance.scss
2026-02-10 11:55:12,789 - Knowledge - INFO - Processing batch of 5 files
2026-02-10 11:55:12,789 - Knowledge - INFO - process ingested knowledge for /app/data/T0002/216969/b7126ae/ionic-taxi-booking-app-web-admin-216969/pages/reset-password/reset-password.ts
2026-02-10 11:55:12,855 - Knowledge - INFO - process ingested knowledge for /app/data/T0002/216969/b7126ae/ionic-taxi-booking-app-web-admin-216969/pages/history-details/history-details.scss
2026-02-10 11:55:12,855 - Knowledge - INFO - process ingested knowledge for /app/data/T0002/216969/b7126ae/ionic-taxi-booking-app-web-admin-216969/pages/startup/startup.ts
2026-02-10 11:55:12,856 - Knowledge - INFO - process ingested knowledge for /app/data/T0002/216969/b7126ae/ionic-taxi-booking-app-web-admin-216969/src/pages/phone/phone.html
2026-02-10 11:55:12,857 - Knowledge - INFO - process ingested knowledge for /app/data/T0002/216969/b7126ae/ionic-taxi-booking-app-web-admin-216969/src/pages/history/history.html
2026-02-10 11:55:12,858 - Knowledge - INFO - process ingested knowledge for /app/data/T0002/216969/b7126ae/ionic-taxi-booking-app-web-admin-216969/pages/support/support.scss
2026-02-10 11:55:12,867 - Knowledge - INFO - Processing batch of 4 files
2026-02-10 11:55:12,868 - Knowledge - INFO - process ingested knowledge for /app/data/T0002/216969/b7126ae/ionic-taxi-booking-app-web-admin-216969/src/pages/payment/payment.scss
2026-02-10 11:55:12,869 - Knowledge - INFO - Processing batch of 4 files
2026-02-10 11:55:12,869 - Knowledge - INFO - process ingested knowledge for /app/data/T0002/216969/b7126ae/ionic-taxi-booking-app-web-admin-216969/src/pages/signup/signup.scss
2026-02-10 11:55:12,927 - Knowledge - INFO - process ingested knowledge for /app/data/T0002/216969/b7126ae/ionic-taxi-booking-app-web-admin-216969/pages/reset-password/reset-password.module.ts
2026-02-10 11:55:13,005 - Knowledge - INFO - process ingested knowledge for /app/data/T0002/216969/b7126ae/ionic-taxi-booking-app-web-admin-216969/pages/support/support.html
2026-02-10 11:55:13,006 - Knowledge - INFO - process ingested knowledge for /app/data/T0002/216969/b7126ae/ionic-taxi-booking-app-web-admin-216969/pages/login-entrance/login-entrance.scss
2026-02-10 11:55:13,007 - Knowledge - INFO - process ingested knowledge for /app/data/T0002/216969/b7126ae/ionic-taxi-booking-app-web-admin-216969/src/pages/autocomplete/autocomplete.html
2026-02-10 11:55:13,008 - Knowledge - INFO - process ingested knowledge for /app/data/T0002/216969/b7126ae/ionic-taxi-booking-app-web-admin-216969/src/pages/entrance/entrance.ts
2026-02-10 11:55:13,009 - Knowledge - INFO - process ingested knowledge for /app/data/T0002/216969/b7126ae/ionic-taxi-booking-app-web-admin-216969/src/pages/history/history.module.ts
2026-02-10 11:55:13,010 - Knowledge - INFO - process ingested knowledge for /app/data/T0002/216969/b7126ae/ionic-taxi-booking-app-web-admin-216969/pages/promo/promo.html
2026-02-10 11:55:13,010 - Knowledge - INFO - process ingested knowledge for /app/data/T0002/216969/b7126ae/ionic-taxi-booking-app-web-admin-216969/src/pages/signup/signup.html
2026-02-10 11:55:13,111 - Knowledge - INFO - process ingested knowledge for /app/data/T0002/216969/b7126ae/ionic-taxi-booking-app-web-admin-216969/pages/startup/startup.module.ts
2026-02-10 11:55:13,112 - Knowledge - INFO - process ingested knowledge for /app/data/T0002/216969/b7126ae/ionic-taxi-booking-app-web-admin-216969/pages/support/support.ts
2026-02-10 11:55:13,112 - Knowledge - INFO - process ingested knowledge for /app/data/T0002/216969/b7126ae/ionic-taxi-booking-app-web-admin-216969/src/pages/login-entrance/login-entrance.html
2026-02-10 11:55:13,116 - Knowledge - INFO - process ingested knowledge for /app/data/T0002/216969/b7126ae/ionic-taxi-booking-app-web-admin-216969/src/pages/autocomplete/autocomplete.module.ts
2026-02-10 11:55:13,116 - Knowledge - INFO - process ingested knowledge for /app/data/T0002/216969/b7126ae/ionic-taxi-booking-app-web-admin-216969/pages/reset-password/reset-password.html
2026-02-10 11:55:13,117 - Knowledge - INFO - process ingested knowledge for /app/data/T0002/216969/b7126ae/ionic-taxi-booking-app-web-admin-216969/src/pages/entrance/entrance.html
2026-02-10 11:55:13,117 - Knowledge - INFO - process ingested knowledge for /app/data/T0002/216969/b7126ae/ionic-taxi-booking-app-web-admin-216969/pages/promo/promo.ts
2026-02-10 11:55:13,118 - Knowledge - INFO - [WEBSOCKET] Sent: Type=progress_update, Size: 270, Duration: 0ms
2026-02-10 11:55:13,122 - Knowledge - INFO - process ingested knowledge for /app/data/T0002/216969/b7126ae/ionic-taxi-booking-app-web-admin-216969/src/pages/phone/phone.module.ts
2026-02-10 11:55:13,123 - Knowledge - INFO - process ingested knowledge for /app/data/T0002/216969/b7126ae/ionic-taxi-booking-app-web-admin-216969/pages/login-entrance/login-entrance.html
2026-02-10 11:55:13,123 - Knowledge - INFO - process ingested knowledge for /app/data/T0002/216969/b7126ae/ionic-taxi-booking-app-web-admin-216969/src/pages/payment/payment.html
2026-02-10 11:55:13,125 - Knowledge - INFO - [WEBSOCKET] Sent: Type=unknown, Size: ?, Duration: 7ms
2026-02-10 11:55:13,126 - Knowledge - INFO - Progress: 44.7% | Files: 76/170 | Rate: 20.40 files/sec | Queue: 75
2026-02-10 11:55:13,181 - Knowledge - INFO - process ingested knowledge for /app/data/T0002/216969/b7126ae/ionic-taxi-booking-app-web-admin-216969/src/pages/login-entrance/login-entrance.ts
2026-02-10 11:55:13,185 - Knowledge - INFO - process ingested knowledge for /app/data/T0002/216969/b7126ae/ionic-taxi-booking-app-web-admin-216969/src/pages/signup/signup.ts
2026-02-10 11:55:13,361 - Knowledge - INFO - process ingested knowledge for /app/data/T0002/216969/b7126ae/ionic-taxi-booking-app-web-admin-216969/pages/startup/startup.html
2026-02-10 11:55:13,368 - Knowledge - INFO - process ingested knowledge for /app/data/T0002/216969/b7126ae/ionic-taxi-booking-app-web-admin-216969/src/pages/rate/rate.scss
2026-02-10 11:55:13,386 - Knowledge - INFO - process ingested knowledge for /app/data/T0002/216969/b7126ae/ionic-taxi-booking-app-web-admin-216969/src/pages/history/history.ts
2026-02-10 11:55:13,390 - Knowledge - INFO - process ingested knowledge for /app/data/T0002/216969/b7126ae/ionic-taxi-booking-app-web-admin-216969/src/pages/phone/phone.ts
2026-02-10 11:55:13,394 - Knowledge - INFO - process ingested knowledge for /app/data/T0002/216969/b7126ae/ionic-taxi-booking-app-web-admin-216969/src/pages/payment/payment.ts
2026-02-10 11:55:13,725 - Knowledge - INFO - [LLM_CALL] Completed: profile.html:chunk1, Duration: 1462ms, PromptTokens: 5338, CompletionTokens: 59, Cost: $0.00056
2026-02-10 11:55:13,734 - Knowledge - INFO - done ingest for /app/data/T0002/216969/b7126ae/ionic-taxi-booking-app-web-admin-216969/src/pages/profile/profile.html
2026-02-10 11:55:13,734 - Knowledge - INFO - process ingested knowledge for /app/data/T0002/216969/b7126ae/ionic-taxi-booking-app-web-admin-216969/src/pages/login-entrance/login-entrance.module.ts
2026-02-10 11:55:13,760 - Knowledge - INFO - process ingested knowledge for /app/data/T0002/216969/b7126ae/ionic-taxi-booking-app-web-admin-216969/pages/reset-password/reset-password.scss
2026-02-10 11:55:13,949 - Knowledge - INFO - done ingest for /app/data/T0002/216969/b7126ae/ionic-taxi-booking-app-web-admin-216969/pages/profile/profile.html
2026-02-10 11:55:13,993 - Knowledge - INFO - process ingested knowledge for /app/data/T0002/216969/b7126ae/ionic-taxi-booking-app-web-admin-216969/pages/startup/startup.scss
2026-02-10 11:55:13,993 - Knowledge - INFO - process ingested knowledge for /app/data/T0002/216969/b7126ae/ionic-taxi-booking-app-web-admin-216969/pages/promo/promo.module.ts
2026-02-10 11:55:13,994 - Knowledge - INFO - process ingested knowledge for /app/data/T0002/216969/b7126ae/ionic-taxi-booking-app-web-admin-216969/pages/login-entrance/login-entrance.ts
2026-02-10 11:55:13,994 - Knowledge - INFO - process ingested knowledge for /app/data/T0002/216969/b7126ae/ionic-taxi-booking-app-web-admin-216969/src/pages/card/card.module.ts
2026-02-10 11:55:14,074 - Knowledge - INFO - process ingested knowledge for /app/data/T0002/216969/b7126ae/ionic-taxi-booking-app-web-admin-216969/src/pages/rate/rate.ts
2026-02-10 11:55:14,074 - Knowledge - INFO - [kw3] Queue=75, InProgress=0, PendingWorkers=20/20, Completed=78/170 (45.9%)
2026-02-10 11:55:14,075 - Knowledge - INFO - process ingested knowledge for /app/data/T0002/216969/b7126ae/ionic-taxi-booking-app-web-admin-216969/src/pages/payment/payment.module.ts
2026-02-10 11:55:14,076 - Knowledge - INFO - Batch sizing: calculated=4, max_allowed=10, queue=75, active_workers=20/20
2026-02-10 11:55:14,076 - Knowledge - INFO - process ingested knowledge for /app/data/T0002/216969/b7126ae/ionic-taxi-booking-app-web-admin-216969/src/pages/signup/signup.module.ts
2026-02-10 11:55:14,082 - Knowledge - INFO - process ingested knowledge for /app/data/T0002/216969/b7126ae/ionic-taxi-booking-app-web-admin-216969/src/pages/entrance/entrance.scss
2026-02-10 11:55:14,082 - Knowledge - INFO - [kw1] Queue=75, InProgress=0, PendingWorkers=20/20, Completed=78/170 (45.9%)
2026-02-10 11:55:14,083 - Knowledge - INFO - process ingested knowledge for /app/data/T0002/216969/b7126ae/ionic-taxi-booking-app-web-admin-216969/src/pages/autocomplete/autocomplete.ts
2026-02-10 11:55:14,084 - Knowledge - INFO - Batch sizing: calculated=4, max_allowed=10, queue=75, active_workers=20/20
2026-02-10 11:55:14,349 - Knowledge - INFO - Async storing batch of 5 embeddings
2026-02-10 11:55:14,351 - Knowledge - INFO - Worker kw3 processing /app/data/T0002/216969/b7126ae/ionic-taxi-booking-app-web-admin-216969/src/pages/login/login.html
2026-02-10 11:55:14,351 - Knowledge - INFO - Async storing batch of 5 embeddings
2026-02-10 11:55:14,353 - Knowledge - INFO - Worker kw3 processing /app/data/T0002/216969/b7126ae/ionic-taxi-booking-app-web-admin-216969/src/pages/login/login.module.ts
2026-02-10 11:55:14,354 - Knowledge - INFO - Fast-tracked /app/data/T0002/216969/b7126ae/ionic-taxi-booking-app-web-admin-216969/src/pages/login/login.module.ts (ext=.ts, size=254)
2026-02-10 11:55:14,358 - Knowledge - INFO - Worker kw3 processing /app/data/T0002/216969/b7126ae/ionic-taxi-booking-app-web-admin-216969/src/pages/login/login.ts
2026-02-10 11:55:14,359 - Knowledge - INFO - Worker kw3 processing /app/data/T0002/216969/b7126ae/ionic-taxi-booking-app-web-admin-216969/src/pages/login/login.scss
2026-02-10 11:55:14,359 - Knowledge - INFO - Worker kw1 processing /app/data/T0002/216969/b7126ae/ionic-taxi-booking-app-web-admin-216969/src/pages/home/home.html
2026-02-10 11:55:14,360 - Knowledge - INFO - Fast-tracked /app/data/T0002/216969/b7126ae/ionic-taxi-booking-app-web-admin-216969/src/pages/login/login.scss (ext=.scss, size=1881)
2026-02-10 11:55:14,360 - Knowledge - INFO - Worker kw1 processing /app/data/T0002/216969/b7126ae/ionic-taxi-booking-app-web-admin-216969/src/pages/home/home.module.ts
2026-02-10 11:55:14,360 - Knowledge - INFO - Fast-tracked /app/data/T0002/216969/b7126ae/ionic-taxi-booking-app-web-admin-216969/src/pages/home/home.module.ts (ext=.ts, size=249)
2026-02-10 11:55:14,361 - Knowledge - INFO - Worker kw1 processing /app/data/T0002/216969/b7126ae/ionic-taxi-booking-app-web-admin-216969/src/pages/home/home.ts
2026-02-10 11:55:14,361 - Knowledge - INFO - Worker kw1 processing /app/data/T0002/216969/b7126ae/ionic-taxi-booking-app-web-admin-216969/src/pages/home/home.scss
2026-02-10 11:55:14,361 - Knowledge - INFO - Fast-tracked /app/data/T0002/216969/b7126ae/ionic-taxi-booking-app-web-admin-216969/src/pages/home/home.scss (ext=.scss, size=7664)
2026-02-10 11:55:14,361 - Knowledge - INFO - Async storage completed for 5 embeddings
2026-02-10 11:55:14,362 - Knowledge - INFO - Async storage completed for 5 embeddings
2026-02-10 11:55:14,378 - Knowledge - INFO - Fast-tracked /app/data/T0002/216969/b7126ae/ionic-taxi-booking-app-web-admin-216969/src/pages/login/login.html (small file (2286 bytes))
2026-02-10 11:55:14,474 - Knowledge - INFO - [LLM_CALL] Completed: card.html:chunk1, Duration: 2817ms, PromptTokens: 16720, CompletionTokens: 148, Cost: $0.00173
2026-02-10 11:55:14,494 - Knowledge - INFO - done ingest for /app/data/T0002/216969/b7126ae/ionic-taxi-booking-app-web-admin-216969/pages/card/card.html
2026-02-10 11:55:15,650 - Knowledge - INFO - [LLM_CALL] Completed: home.html:chunk1, Duration: 1270ms, PromptTokens: 10250, CompletionTokens: 59, Cost: $0.00105
2026-02-10 11:55:15,654 - Knowledge - INFO - done ingest for /app/data/T0002/216969/b7126ae/ionic-taxi-booking-app-web-admin-216969/src/pages/home/home.html
2026-02-10 11:55:16,925 - Knowledge - INFO - Processing batch of 4 files
2026-02-10 11:55:16,925 - Knowledge - INFO - process ingested knowledge for /app/data/T0002/216969/b7126ae/ionic-taxi-booking-app-web-admin-216969/src/pages/profile/profile.html
2026-02-10 11:55:17,436 - Knowledge - INFO - [kw2] Queue=67, InProgress=0, PendingWorkers=20/20, Completed=86/170 (50.6%)
2026-02-10 11:55:17,436 - Knowledge - INFO - [kw5] Queue=67, InProgress=0, PendingWorkers=20/20, Completed=86/170 (50.6%)
2026-02-10 11:55:17,437 - Knowledge - INFO - Batch sizing: calculated=4, max_allowed=10, queue=67, active_workers=20/20
2026-02-10 11:55:17,437 - Knowledge - INFO - Batch sizing: calculated=4, max_allowed=10, queue=67, active_workers=20/20
2026-02-10 11:55:18,300 - Knowledge - INFO - process ingested knowledge for /app/data/T0002/216969/b7126ae/ionic-taxi-booking-app-web-admin-216969/src/pages/profile/profile.module.ts
2026-02-10 11:55:18,631 - Knowledge - INFO - [LLM_CALL] Completed: login.ts:chunk1, Duration: 4209ms, PromptTokens: 2242, CompletionTokens: 540, Cost: $0.00044
2026-02-10 11:55:18,632 - Knowledge - INFO - done ingest for /app/data/T0002/216969/b7126ae/ionic-taxi-booking-app-web-admin-216969/pages/login/login.ts
2026-02-10 11:55:19,150 - Knowledge - INFO - Async storing batch of 5 embeddings
2026-02-10 11:55:19,151 - Knowledge - INFO - Async storing batch of 5 embeddings
2026-02-10 11:55:19,163 - Knowledge - INFO - Worker kw5 processing /app/data/T0002/216969/b7126ae/ionic-taxi-booking-app-web-admin-216969/src/pages/support/support.html
2026-02-10 11:55:19,163 - Knowledge - INFO - Worker kw2 processing /app/data/T0002/216969/b7126ae/ionic-taxi-booking-app-web-admin-216969/src/pages/history-details/history-details.html
2026-02-10 11:55:19,175 - Knowledge - INFO - Fast-tracked /app/data/T0002/216969/b7126ae/ionic-taxi-booking-app-web-admin-216969/src/pages/support/support.html (ext=.html, size=848)
2026-02-10 11:55:19,185 - Knowledge - INFO - Worker kw5 processing /app/data/T0002/216969/b7126ae/ionic-taxi-booking-app-web-admin-216969/src/pages/support/support.ts
2026-02-10 11:55:19,192 - Knowledge - INFO - Fast-tracked /app/data/T0002/216969/b7126ae/ionic-taxi-booking-app-web-admin-216969/src/pages/history-details/history-details.html (ext=.html, size=623)
2026-02-10 11:55:19,223 - Knowledge - INFO - Worker kw2 processing /app/data/T0002/216969/b7126ae/ionic-taxi-booking-app-web-admin-216969/src/pages/history-details/history-details.ts
2026-02-10 11:55:19,234 - Knowledge - INFO - Fast-tracked /app/data/T0002/216969/b7126ae/ionic-taxi-booking-app-web-admin-216969/src/pages/support/support.ts (ext=.ts, size=787)
2026-02-10 11:55:19,241 - Knowledge - INFO - Worker kw5 processing /app/data/T0002/216969/b7126ae/ionic-taxi-booking-app-web-admin-216969/src/pages/support/support.module.ts
2026-02-10 11:55:19,245 - Knowledge - INFO - Fast-tracked /app/data/T0002/216969/b7126ae/ionic-taxi-booking-app-web-admin-216969/src/pages/history-details/history-details.ts (ext=.ts, size=739)
2026-02-10 11:55:19,246 - Knowledge - INFO - Worker kw2 processing /app/data/T0002/216969/b7126ae/ionic-taxi-booking-app-web-admin-216969/src/pages/history-details/history-details.module.ts
2026-02-10 11:55:19,251 - Knowledge - INFO - Fast-tracked /app/data/T0002/216969/b7126ae/ionic-taxi-booking-app-web-admin-216969/src/pages/support/support.module.ts (ext=.ts, size=264)
2026-02-10 11:55:19,268 - Knowledge - INFO - Worker kw5 processing /app/data/T0002/216969/b7126ae/ionic-taxi-booking-app-web-admin-216969/src/pages/support/support.scss
2026-02-10 11:55:19,268 - Knowledge - INFO - Fast-tracked /app/data/T0002/216969/b7126ae/ionic-taxi-booking-app-web-admin-216969/src/pages/history-details/history-details.module.ts (ext=.ts, size=300)
2026-02-10 11:55:19,273 - Knowledge - INFO - Worker kw2 processing /app/data/T0002/216969/b7126ae/ionic-taxi-booking-app-web-admin-216969/src/pages/history-details/history-details.scss
2026-02-10 11:55:19,273 - Knowledge - INFO - Fast-tracked /app/data/T0002/216969/b7126ae/ionic-taxi-booking-app-web-admin-216969/src/pages/support/support.scss (ext=.scss, size=18)
2026-02-10 11:55:19,279 - Knowledge - INFO - Async storage completed for 5 embeddings
2026-02-10 11:55:19,279 - Knowledge - INFO - Fast-tracked /app/data/T0002/216969/b7126ae/ionic-taxi-booking-app-web-admin-216969/src/pages/history-details/history-details.scss (ext=.scss, size=334)
2026-02-10 11:55:19,280 - Knowledge - INFO - Async storage completed for 5 embeddings
2026-02-10 11:55:19,429 - Knowledge - INFO - [WEBSOCKET] Sent: Type=progress_update, Size: 270, Duration: 0ms
2026-02-10 11:55:19,439 - Knowledge - INFO - [WEBSOCKET] Sent: Type=unknown, Size: ?, Duration: 10ms
2026-02-10 11:55:19,439 - Knowledge - INFO - Progress: 51.2% | Files: 87/170 | Rate: 10.34 files/sec | Queue: 59
2026-02-10 11:55:19,607 - Knowledge - INFO - Processing batch of 5 files
2026-02-10 11:55:19,607 - Knowledge - INFO - process ingested knowledge for /app/data/T0002/216969/b7126ae/ionic-taxi-booking-app-web-admin-216969/pages/login-entrance/login-entrance.module.ts
2026-02-10 11:55:19,608 - Knowledge - INFO - process ingested knowledge for /app/data/T0002/216969/b7126ae/ionic-taxi-booking-app-web-admin-216969/src/pages/profile/profile.ts
2026-02-10 11:55:20,150 - Knowledge - INFO - done ingest for /app/data/T0002/216969/b7126ae/ionic-taxi-booking-app-web-admin-216969/src/pages/login/login.ts
2026-02-10 11:55:20,157 - Knowledge - INFO - [kw17] Queue=59, InProgress=0, PendingWorkers=20/20, Completed=92/170 (54.1%)
2026-02-10 11:55:20,157 - Knowledge - INFO - Batch sizing: calculated=4, max_allowed=10, queue=59, active_workers=20/20
2026-02-10 11:55:20,228 - Knowledge - INFO - process ingested knowledge for /app/data/T0002/216969/b7126ae/ionic-taxi-booking-app-web-admin-216969/pages/profile/profile.html
2026-02-10 11:55:20,229 - Knowledge - INFO - [kw10] Queue=59, InProgress=0, PendingWorkers=20/20, Completed=94/170 (55.3%)
2026-02-10 11:55:20,232 - Knowledge - INFO - Batch sizing: calculated=4, max_allowed=10, queue=59, active_workers=20/20
2026-02-10 11:55:20,463 - Knowledge - INFO - [kw16] Queue=59, InProgress=0, PendingWorkers=20/20, Completed=95/170 (55.9%)
2026-02-10 11:55:20,466 - Knowledge - INFO - Batch sizing: calculated=4, max_allowed=10, queue=59, active_workers=20/20
2026-02-10 11:55:20,540 - Knowledge - INFO - [kw9] Queue=59, InProgress=0, PendingWorkers=20/20, Completed=98/170 (57.6%)
2026-02-10 11:55:20,541 - Knowledge - INFO - process ingested knowledge for /app/data/T0002/216969/b7126ae/ionic-taxi-booking-app-web-admin-216969/src/pages/profile/profile.scss
2026-02-10 11:55:20,541 - Knowledge - INFO - Batch sizing: calculated=4, max_allowed=10, queue=59, active_workers=20/20
2026-02-10 11:55:20,542 - Knowledge - INFO - Processing batch of 5 files
2026-02-10 11:55:20,542 - Knowledge - INFO - Async storing batch of 5 embeddings
2026-02-10 11:55:20,543 - Knowledge - INFO - [kw15] Queue=55, InProgress=0, PendingWorkers=20/20, Completed=100/170 (58.8%)
2026-02-10 11:55:20,544 - Knowledge - INFO - [kw13] Queue=55, InProgress=0, PendingWorkers=20/20, Completed=100/170 (58.8%)
2026-02-10 11:55:20,544 - Knowledge - INFO - [kw12] Queue=55, InProgress=0, PendingWorkers=20/20, Completed=100/170 (58.8%)
2026-02-10 11:55:20,545 - Knowledge - INFO - process ingested knowledge for /app/data/T0002/216969/b7126ae/ionic-taxi-booking-app-web-admin-216969/pages/card/card.scss
2026-02-10 11:55:20,545 - Knowledge - INFO - Async storing batch of 4 embeddings
2026-02-10 11:55:20,547 - Knowledge - INFO - Processing batch of 4 files
2026-02-10 11:55:20,547 - Knowledge - INFO - Worker kw10 processing /app/data/T0002/216969/b7126ae/ionic-taxi-booking-app-web-admin-216969/src/pages/promo/promo.html
2026-02-10 11:55:20,548 - Knowledge - INFO - [kw7] Queue=51, InProgress=0, PendingWorkers=20/20, Completed=103/170 (60.6%)
2026-02-10 11:55:20,548 - Knowledge - INFO - Batch sizing: calculated=4, max_allowed=10, queue=55, active_workers=20/20
2026-02-10 11:55:20,549 - Knowledge - INFO - Batch sizing: calculated=4, max_allowed=10, queue=55, active_workers=20/20
2026-02-10 11:55:20,553 - Knowledge - INFO - Batch sizing: calculated=4, max_allowed=10, queue=55, active_workers=20/20
2026-02-10 11:55:20,557 - Knowledge - INFO - process ingested knowledge for /app/data/T0002/216969/b7126ae/ionic-taxi-booking-app-web-admin-216969/src/pages/history-details/history-details.html
2026-02-10 11:55:20,559 - Knowledge - INFO - Worker kw17 processing /app/data/T0002/216969/b7126ae/ionic-taxi-booking-app-web-admin-216969/src/pages/startup/startup.ts
2026-02-10 11:55:20,562 - Knowledge - INFO - Fast-tracked /app/data/T0002/216969/b7126ae/ionic-taxi-booking-app-web-admin-216969/src/pages/promo/promo.html (ext=.html, size=401)
2026-02-10 11:55:20,563 - Knowledge - INFO - Batch sizing: calculated=4, max_allowed=10, queue=51, active_workers=20/20
2026-02-10 11:55:20,563 - Knowledge - INFO - Worker kw10 processing /app/data/T0002/216969/b7126ae/ionic-taxi-booking-app-web-admin-216969/src/pages/promo/promo.ts
2026-02-10 11:55:20,565 - Knowledge - INFO - Fast-tracked /app/data/T0002/216969/b7126ae/ionic-taxi-booking-app-web-admin-216969/src/pages/startup/startup.ts (ext=.ts, size=971)
2026-02-10 11:55:20,565 - Knowledge - INFO - Worker kw17 processing /app/data/T0002/216969/b7126ae/ionic-taxi-booking-app-web-admin-216969/src/pages/startup/startup.module.ts
2026-02-10 11:55:20,566 - Knowledge - INFO - Fast-tracked /app/data/T0002/216969/b7126ae/ionic-taxi-booking-app-web-admin-216969/src/pages/promo/promo.ts (ext=.ts, size=572)
2026-02-10 11:55:20,566 - Knowledge - INFO - Worker kw10 processing /app/data/T0002/216969/b7126ae/ionic-taxi-booking-app-web-admin-216969/src/pages/promo/promo.module.ts
2026-02-10 11:55:20,567 - Knowledge - INFO - Fast-tracked /app/data/T0002/216969/b7126ae/ionic-taxi-booking-app-web-admin-216969/src/pages/startup/startup.module.ts (ext=.ts, size=283)
2026-02-10 11:55:20,567 - Knowledge - INFO - Worker kw17 processing /app/data/T0002/216969/b7126ae/ionic-taxi-booking-app-web-admin-216969/src/pages/startup/startup.html
2026-02-10 11:55:20,568 - Knowledge - INFO - Fast-tracked /app/data/T0002/216969/b7126ae/ionic-taxi-booking-app-web-admin-216969/src/pages/promo/promo.module.ts (ext=.ts, size=254)
2026-02-10 11:55:20,568 - Knowledge - INFO - Worker kw10 processing /app/data/T0002/216969/b7126ae/ionic-taxi-booking-app-web-admin-216969/src/pages/promo/promo.scss
2026-02-10 11:55:20,568 - Knowledge - INFO - Fast-tracked /app/data/T0002/216969/b7126ae/ionic-taxi-booking-app-web-admin-216969/src/pages/startup/startup.html (ext=.html, size=232)
2026-02-10 11:55:20,569 - Knowledge - INFO - Worker kw17 processing /app/data/T0002/216969/b7126ae/ionic-taxi-booking-app-web-admin-216969/src/pages/startup/startup.scss
2026-02-10 11:55:20,570 - Knowledge - INFO - Fast-tracked /app/data/T0002/216969/b7126ae/ionic-taxi-booking-app-web-admin-216969/src/pages/promo/promo.scss (ext=.scss, size=16)
2026-02-10 11:55:20,570 - Knowledge - INFO - Async storage completed for 5 embeddings
2026-02-10 11:55:20,571 - Knowledge - INFO - Fast-tracked /app/data/T0002/216969/b7126ae/ionic-taxi-booking-app-web-admin-216969/src/pages/startup/startup.scss (ext=.scss, size=18)
2026-02-10 11:55:20,571 - Knowledge - INFO - Async storage completed for 4 embeddings
2026-02-10 11:55:20,630 - Knowledge - INFO - [kw11] Queue=51, InProgress=0, PendingWorkers=20/20, Completed=103/170 (60.6%)
2026-02-10 11:55:20,630 - Knowledge - INFO - Batch sizing: calculated=4, max_allowed=10, queue=51, active_workers=20/20
2026-02-10 11:55:20,631 - Knowledge - INFO - Async storing batch of 4 embeddings
2026-02-10 11:55:20,631 - Knowledge - INFO - process ingested knowledge for /app/data/T0002/216969/b7126ae/ionic-taxi-booking-app-web-admin-216969/pages/profile/profile.module.ts
2026-02-10 11:55:20,632 - Knowledge - INFO - process ingested knowledge for /app/data/T0002/216969/b7126ae/ionic-taxi-booking-app-web-admin-216969/src/pages/history-details/history-details.ts
2026-02-10 11:55:20,632 - Knowledge - INFO - Async storing batch of 5 embeddings
2026-02-10 11:55:20,633 - Knowledge - INFO - process ingested knowledge for /app/data/T0002/216969/b7126ae/ionic-taxi-booking-app-web-admin-216969/pages/card/card.html
2026-02-10 11:55:20,633 - Knowledge - INFO - Async storing batch of 5 embeddings
2026-02-10 11:55:20,634 - Knowledge - INFO - Processing batch of 5 files
2026-02-10 11:55:20,635 - Knowledge - INFO - Processing batch of 4 files
2026-02-10 11:55:20,635 - Knowledge - INFO - Worker kw16 processing /app/data/T0002/216969/b7126ae/ionic-taxi-booking-app-web-admin-216969/src/pages/reset-password/reset-password.ts
2026-02-10 11:55:20,637 - Knowledge - INFO - Worker kw15 processing /app/data/T0002/216969/b7126ae/ionic-taxi-booking-app-web-admin-216969/src/pages/about/about.ts
2026-02-10 11:55:20,638 - Knowledge - INFO - Worker kw7 processing /app/data/T0002/216969/b7126ae/ionic-taxi-booking-app-web-admin-216969/src/providers/onesignal/onesignal.ts
2026-02-10 11:55:20,638 - Knowledge - INFO - process ingested knowledge for /app/data/T0002/216969/b7126ae/ionic-taxi-booking-app-web-admin-216969/pages/login/login.html
2026-02-10 11:55:20,638 - Knowledge - INFO - process ingested knowledge for /app/data/T0002/216969/b7126ae/ionic-taxi-booking-app-web-admin-216969/src/pages/support/support.html
2026-02-10 11:55:20,640 - Knowledge - INFO - Fast-tracked /app/data/T0002/216969/b7126ae/ionic-taxi-booking-app-web-admin-216969/src/pages/about/about.ts (ext=.ts, size=956)
2026-02-10 11:55:20,640 - Knowledge - INFO - Fast-tracked /app/data/T0002/216969/b7126ae/ionic-taxi-booking-app-web-admin-216969/src/pages/reset-password/reset-password.ts (ext=.ts, size=1633)
2026-02-10 11:55:20,641 - Knowledge - INFO - Worker kw15 processing /app/data/T0002/216969/b7126ae/ionic-taxi-booking-app-web-admin-216969/src/pages/about/about.html
2026-02-10 11:55:20,641 - Knowledge - INFO - Fast-tracked /app/data/T0002/216969/b7126ae/ionic-taxi-booking-app-web-admin-216969/src/providers/onesignal/onesignal.ts (ext=.ts, size=858)
2026-02-10 11:55:20,641 - Knowledge - INFO - Worker kw16 processing /app/data/T0002/216969/b7126ae/ionic-taxi-booking-app-web-admin-216969/src/pages/reset-password/reset-password.module.ts
2026-02-10 11:55:20,642 - Knowledge - INFO - Worker kw7 processing /app/data/T0002/216969/b7126ae/ionic-taxi-booking-app-web-admin-216969/src/providers/geocoder/geocoder.ts
2026-02-10 11:55:20,643 - Knowledge - INFO - Fast-tracked /app/data/T0002/216969/b7126ae/ionic-taxi-booking-app-web-admin-216969/src/pages/about/about.html (ext=.html, size=981)
2026-02-10 11:55:20,643 - Knowledge - INFO - Worker kw15 processing /app/data/T0002/216969/b7126ae/ionic-taxi-booking-app-web-admin-216969/src/pages/about/about.scss
2026-02-10 11:55:20,644 - Knowledge - INFO - Fast-tracked /app/data/T0002/216969/b7126ae/ionic-taxi-booking-app-web-admin-216969/src/pages/reset-password/reset-password.module.ts (ext=.ts, size=295)
2026-02-10 11:55:20,644 - Knowledge - INFO - Worker kw7 processing /app/data/T0002/216969/b7126ae/ionic-taxi-booking-app-web-admin-216969/src/providers/event/event.ts
2026-02-10 11:55:20,644 - Knowledge - INFO - Worker kw16 processing /app/data/T0002/216969/b7126ae/ionic-taxi-booking-app-web-admin-216969/src/pages/reset-password/reset-password.html
2026-02-10 11:55:20,645 - Knowledge - INFO - Fast-tracked /app/data/T0002/216969/b7126ae/ionic-taxi-booking-app-web-admin-216969/src/pages/about/about.scss (ext=.scss, size=77)
2026-02-10 11:55:20,645 - Knowledge - INFO - Worker kw15 processing /app/data/T0002/216969/b7126ae/ionic-taxi-booking-app-web-admin-216969/src/providers/paystack/paystack.ts
2026-02-10 11:55:20,650 - Knowledge - INFO - Worker kw7 processing /app/data/T0002/216969/b7126ae/ionic-taxi-booking-app-web-admin-216969/src/providers/auth/auth.ts
2026-02-10 11:55:20,650 - Knowledge - INFO - Worker kw16 processing /app/data/T0002/216969/b7126ae/ionic-taxi-booking-app-web-admin-216969/src/pages/reset-password/reset-password.scss
2026-02-10 11:55:20,651 - Knowledge - INFO - Fast-tracked /app/data/T0002/216969/b7126ae/ionic-taxi-booking-app-web-admin-216969/src/providers/paystack/paystack.ts (ext=.ts, size=865)
2026-02-10 11:55:20,652 - Knowledge - INFO - Async storage completed for 5 embeddings
2026-02-10 11:55:20,652 - Knowledge - INFO - Async storage completed for 5 embeddings
2026-02-10 11:55:20,653 - Knowledge - INFO - Fast-tracked /app/data/T0002/216969/b7126ae/ionic-taxi-booking-app-web-admin-216969/src/pages/reset-password/reset-password.scss (ext=.scss, size=719)
2026-02-10 11:55:20,653 - Knowledge - INFO - Async storage completed for 4 embeddings
2026-02-10 11:55:20,656 - Knowledge - INFO - Fast-tracked /app/data/T0002/216969/b7126ae/ionic-taxi-booking-app-web-admin-216969/src/providers/geocoder/geocoder.ts (small file (2092 bytes))
2026-02-10 11:55:20,657 - Knowledge - INFO - Fast-tracked /app/data/T0002/216969/b7126ae/ionic-taxi-booking-app-web-admin-216969/src/pages/reset-password/reset-password.html (small file (2333 bytes))
2026-02-10 11:55:20,658 - Knowledge - INFO - Fast-tracked /app/data/T0002/216969/b7126ae/ionic-taxi-booking-app-web-admin-216969/src/providers/event/event.ts (small file (2710 bytes))
2026-02-10 11:55:20,660 - Knowledge - INFO - Fast-tracked /app/data/T0002/216969/b7126ae/ionic-taxi-booking-app-web-admin-216969/src/providers/auth/auth.ts (small file (2699 bytes))
2026-02-10 11:55:20,721 - Knowledge - INFO - [kw19] Queue=39, InProgress=0, PendingWorkers=20/20, Completed=107/170 (62.9%)
2026-02-10 11:55:20,721 - Knowledge - INFO - Batch sizing: calculated=4, max_allowed=10, queue=39, active_workers=20/20
2026-02-10 11:55:20,722 - Knowledge - INFO - Async storing batch of 5 embeddings
2026-02-10 11:55:20,723 - Knowledge - INFO - Worker kw9 processing /app/data/T0002/216969/b7126ae/ionic-taxi-booking-app-web-admin-216969/src/providers/native-map-container/native-map-container.ts
2026-02-10 11:55:20,723 - Knowledge - INFO - Async storing batch of 5 embeddings
2026-02-10 11:55:20,724 - Knowledge - INFO - Async storing batch of 5 embeddings
2026-02-10 11:55:20,725 - Knowledge - INFO - Async storing batch of 5 embeddings
2026-02-10 11:55:20,725 - Knowledge - INFO - Worker kw11 processing /app/data/T0002/216969/b7126ae/ionic-taxi-booking-app-web-admin-216969/src/providers/profile/profile.ts
2026-02-10 11:55:20,726 - Knowledge - INFO - Worker kw9 processing /app/data/T0002/216969/b7126ae/ionic-taxi-booking-app-web-admin-216969/src/providers/directionservice/directionservice.ts
2026-02-10 11:55:20,726 - Knowledge - INFO - Processing batch of 4 files
2026-02-10 11:55:20,727 - Knowledge - INFO - process ingested knowledge for /app/data/T0002/216969/b7126ae/ionic-taxi-booking-app-web-admin-216969/pages/profile/profile.ts
2026-02-10 11:55:20,727 - Knowledge - INFO - process ingested knowledge for /app/data/T0002/216969/b7126ae/ionic-taxi-booking-app-web-admin-216969/src/pages/history-details/history-details.module.ts
2026-02-10 11:55:20,728 - Knowledge - INFO - Worker kw12 processing /app/data/T0002/216969/b7126ae/ionic-taxi-booking-app-web-admin-216969/src/app/app.module.ts
2026-02-10 11:55:20,728 - Knowledge - INFO - process ingested knowledge for /app/data/T0002/216969/b7126ae/ionic-taxi-booking-app-web-admin-216969/pages/login/login.module.ts
2026-02-10 11:55:20,729 - Knowledge - INFO - Worker kw11 processing /app/data/T0002/216969/b7126ae/ionic-taxi-booking-app-web-admin-216969/src/providers/anim-control/anim-control.ts
2026-02-10 11:55:20,730 - Knowledge - INFO - Worker kw9 processing /app/data/T0002/216969/b7126ae/ionic-taxi-booking-app-web-admin-216969/src/providers/map-container/map-container.ts
2026-02-10 11:55:20,730 - Knowledge - INFO - Worker kw13 processing /app/data/T0002/216969/b7126ae/ionic-taxi-booking-app-web-admin-216969/src/validators/email.ts
2026-02-10 11:55:20,731 - Knowledge - INFO - process ingested knowledge for /app/data/T0002/216969/b7126ae/ionic-taxi-booking-app-web-admin-216969/src/pages/login/login.html
2026-02-10 11:55:20,731 - Knowledge - INFO - [kw18] Queue=23, InProgress=0, PendingWorkers=20/20, Completed=112/170 (65.9%)
2026-02-10 11:55:20,735 - Knowledge - INFO - Batch sizing: calculated=4, max_allowed=10, queue=23, active_workers=20/20
2026-02-10 11:55:20,735 - Knowledge - INFO - Worker kw12 processing /app/data/T0002/216969/b7126ae/ionic-taxi-booking-app-web-admin-216969/src/app/app.scss
2026-02-10 11:55:20,735 - Knowledge - INFO - Fast-tracked /app/data/T0002/216969/b7126ae/ionic-taxi-booking-app-web-admin-216969/src/providers/anim-control/anim-control.ts (ext=.ts, size=834)
2026-02-10 11:55:20,736 - Knowledge - INFO - Worker kw11 processing /app/data/T0002/216969/b7126ae/ionic-taxi-booking-app-web-admin-216969/src/app/app.html
2026-02-10 11:55:20,736 - Knowledge - INFO - Fast-tracked /app/data/T0002/216969/b7126ae/ionic-taxi-booking-app-web-admin-216969/src/validators/email.ts (ext=.ts, size=322)
2026-02-10 11:55:20,736 - Knowledge - INFO - Worker kw13 processing /app/data/T0002/216969/b7126ae/ionic-taxi-booking-app-web-admin-216969/src/validators/phone.ts
2026-02-10 11:55:20,737 - Knowledge - INFO - Fast-tracked /app/data/T0002/216969/b7126ae/ionic-taxi-booking-app-web-admin-216969/src/providers/map-container/map-container.ts (ext=.ts, size=300542)
2026-02-10 11:55:20,737 - Knowledge - INFO - Worker kw9 processing /app/data/T0002/216969/b7126ae/ionic-taxi-booking-app-web-admin-216969/src/providers/pop-up/pop-up.ts
2026-02-10 11:55:20,737 - Knowledge - INFO - Fast-tracked /app/data/T0002/216969/b7126ae/ionic-taxi-booking-app-web-admin-216969/src/app/app.scss (ext=.scss, size=958)
2026-02-10 11:55:20,738 - Knowledge - INFO - Worker kw12 processing /app/data/T0002/216969/b7126ae/ionic-taxi-booking-app-web-admin-216969/src/app/app.component.ts
2026-02-10 11:55:20,738 - Knowledge - INFO - Worker kw11 processing /app/data/T0002/216969/b7126ae/ionic-taxi-booking-app-web-admin-216969/src/app/main.ts
2026-02-10 11:55:20,739 - Knowledge - INFO - Fast-tracked /app/data/T0002/216969/b7126ae/ionic-taxi-booking-app-web-admin-216969/src/validators/phone.ts (ext=.ts, size=610)
2026-02-10 11:55:20,739 - Knowledge - INFO - Worker kw13 processing /app/data/T0002/216969/b7126ae/ionic-taxi-booking-app-web-admin-216969/src/validators/card.ts
2026-02-10 11:55:20,742 - Knowledge - INFO - Worker kw12 processing /app/data/T0002/216969/b7126ae/ionic-taxi-booking-app-web-admin-216969/src/validators/cvc.ts
2026-02-10 11:55:20,742 - Knowledge - INFO - Async storage completed for 5 embeddings
2026-02-10 11:55:20,744 - Knowledge - INFO - Fast-tracked /app/data/T0002/216969/b7126ae/ionic-taxi-booking-app-web-admin-216969/src/validators/card.ts (ext=.ts, size=321)
2026-02-10 11:55:20,745 - Knowledge - INFO - Worker kw13 processing /app/data/T0002/216969/b7126ae/ionic-taxi-booking-app-web-admin-216969/src/theme/variables.scss
2026-02-10 11:55:20,745 - Knowledge - INFO - Fast-tracked /app/data/T0002/216969/b7126ae/ionic-taxi-booking-app-web-admin-216969/src/app/main.ts (ext=.ts, size=264)
2026-02-10 11:55:20,746 - Knowledge - INFO - Async storage completed for 5 embeddings
2026-02-10 11:55:20,747 - Knowledge - INFO - Fast-tracked /app/data/T0002/216969/b7126ae/ionic-taxi-booking-app-web-admin-216969/src/validators/cvc.ts (ext=.ts, size=320)
2026-02-10 11:55:20,747 - Knowledge - INFO - Async storage completed for 5 embeddings
2026-02-10 11:55:20,748 - Knowledge - INFO - Fast-tracked /app/data/T0002/216969/b7126ae/ionic-taxi-booking-app-web-admin-216969/src/theme/variables.scss (ext=.scss, size=2331)
2026-02-10 11:55:20,749 - Knowledge - INFO - Async storage completed for 5 embeddings
2026-02-10 11:55:20,846 - Knowledge - INFO - Fast-tracked /app/data/T0002/216969/b7126ae/ionic-taxi-booking-app-web-admin-216969/src/app/app.component.ts (small file (2241 bytes))
2026-02-10 11:55:20,971 - Knowledge - INFO - process ingested knowledge for /app/data/T0002/216969/b7126ae/ionic-taxi-booking-app-web-admin-216969/pages/card/card.module.ts
2026-02-10 11:55:20,977 - Knowledge - INFO - process ingested knowledge for /app/data/T0002/216969/b7126ae/ionic-taxi-booking-app-web-admin-216969/src/pages/support/support.ts
2026-02-10 11:55:20,977 - Knowledge - INFO - process ingested knowledge for /app/data/T0002/216969/b7126ae/ionic-taxi-booking-app-web-admin-216969/pages/profile/profile.scss
2026-02-10 11:55:20,978 - Knowledge - INFO - process ingested knowledge for /app/data/T0002/216969/b7126ae/ionic-taxi-booking-app-web-admin-216969/pages/login/login.ts
2026-02-10 11:55:20,984 - Knowledge - INFO - process ingested knowledge for /app/data/T0002/216969/b7126ae/ionic-taxi-booking-app-web-admin-216969/src/pages/login/login.module.ts
2026-02-10 11:55:21,141 - Knowledge - INFO - process ingested knowledge for /app/data/T0002/216969/b7126ae/ionic-taxi-booking-app-web-admin-216969/pages/card/card.ts
2026-02-10 11:55:21,142 - Knowledge - INFO - Async storing batch of 4 embeddings
2026-02-10 11:55:21,142 - Knowledge - INFO - Async storing batch of 4 embeddings
2026-02-10 11:55:21,143 - Knowledge - INFO - process ingested knowledge for /app/data/T0002/216969/b7126ae/ionic-taxi-booking-app-web-admin-216969/src/pages/support/support.module.ts
2026-02-10 11:55:21,144 - Knowledge - INFO - Processing batch of 4 files
2026-02-10 11:55:21,144 - Knowledge - INFO - Worker kw19 processing /app/data/T0002/216969/b7126ae/ionic-taxi-booking-app-web-admin-216969/src/assets/fonts/ionicons.scss
2026-02-10 11:55:21,147 - Knowledge - INFO - process ingested knowledge for /app/data/T0002/216969/b7126ae/ionic-taxi-booking-app-web-admin-216969/src/pages/history-details/history-details.scss
2026-02-10 11:55:21,148 - Knowledge - INFO - Worker kw18 processing /app/data/T0002/216969/b7126ae/ionic-taxi-booking-app-web-admin-216969/src/service-worker.js
2026-02-10 11:55:21,148 - Knowledge - INFO - process ingested knowledge for /app/data/T0002/216969/b7126ae/ionic-taxi-booking-app-web-admin-216969/src/pages/startup/startup.ts
2026-02-10 11:55:21,152 - Knowledge - INFO - Fast-tracked /app/data/T0002/216969/b7126ae/ionic-taxi-booking-app-web-admin-216969/src/assets/fonts/ionicons.scss (ext=.scss, size=1152)
2026-02-10 11:55:21,152 - Knowledge - INFO - Worker kw19 processing /app/data/T0002/216969/b7126ae/ionic-taxi-booking-app-web-admin-216969/src/assets/fonts/noto-sans.scss
2026-02-10 11:55:21,153 - Knowledge - INFO - Fast-tracked /app/data/T0002/216969/b7126ae/ionic-taxi-booking-app-web-admin-216969/src/service-worker.js (ext=.js, size=736)
2026-02-10 11:55:21,153 - Knowledge - INFO - Worker kw18 processing /app/data/T0002/216969/b7126ae/ionic-taxi-booking-app-web-admin-216969/src/index.html
2026-02-10 11:55:21,153 - Knowledge - INFO - Fast-tracked /app/data/T0002/216969/b7126ae/ionic-taxi-booking-app-web-admin-216969/src/assets/fonts/noto-sans.scss (ext=.scss, size=1282)
2026-02-10 11:55:21,154 - Knowledge - INFO - Worker kw19 processing /app/data/T0002/216969/b7126ae/ionic-taxi-booking-app-web-admin-216969/src/assets/fonts/roboto.scss
2026-02-10 11:55:21,159 - Knowledge - INFO - Fast-tracked /app/data/T0002/216969/b7126ae/ionic-taxi-booking-app-web-admin-216969/src/assets/fonts/roboto.scss (ext=.scss, size=1458)
2026-02-10 11:55:21,159 - Knowledge - INFO - Fast-tracked /app/data/T0002/216969/b7126ae/ionic-taxi-booking-app-web-admin-216969/src/index.html (ext=.html, size=1667)
2026-02-10 11:55:21,160 - Knowledge - INFO - Worker kw19 processing /app/data/T0002/216969/b7126ae/ionic-taxi-booking-app-web-admin-216969/src/assets/js/web-animations.min.js
2026-02-10 11:55:21,161 - Knowledge - INFO - Worker kw18 processing /app/data/T0002/216969/b7126ae/ionic-taxi-booking-app-web-admin-216969/src/manifest.json
2026-02-10 11:55:21,163 - Knowledge - INFO - Fast-tracked /app/data/T0002/216969/b7126ae/ionic-taxi-booking-app-web-admin-216969/src/assets/js/web-animations.min.js (ext=.js, size=47830)
2026-02-10 11:55:21,164 - Knowledge - INFO - Async storage completed for 4 embeddings
2026-02-10 11:55:21,164 - Knowledge - INFO - Fast-tracked /app/data/T0002/216969/b7126ae/ionic-taxi-booking-app-web-admin-216969/src/manifest.json (ext=.json, size=266)
2026-02-10 11:55:21,165 - Knowledge - INFO - Worker kw18 processing /app/data/T0002/216969/b7126ae/ionic-taxi-booking-app-web-admin-216969/package.json
2026-02-10 11:55:21,165 - Knowledge - INFO - Fast-tracked /app/data/T0002/216969/b7126ae/ionic-taxi-booking-app-web-admin-216969/package.json (ext=.json, size=4502)
2026-02-10 11:55:21,167 - Knowledge - INFO - Async storage completed for 4 embeddings
2026-02-10 11:55:21,272 - Knowledge - INFO - process ingested knowledge for /app/data/T0002/216969/b7126ae/ionic-taxi-booking-app-web-admin-216969/pages/login/login.scss
2026-02-10 11:55:21,273 - Knowledge - INFO - process ingested knowledge for /app/data/T0002/216969/b7126ae/ionic-taxi-booking-app-web-admin-216969/src/pages/login/login.ts
2026-02-10 11:55:21,274 - Knowledge - INFO - process ingested knowledge for /app/data/T0002/216969/b7126ae/ionic-taxi-booking-app-web-admin-216969/src/pages/support/support.scss
2026-02-10 11:55:21,274 - Knowledge - INFO - process ingested knowledge for /app/data/T0002/216969/b7126ae/ionic-taxi-booking-app-web-admin-216969/pages/phone/phone.scss
2026-02-10 11:55:21,275 - Knowledge - INFO - process ingested knowledge for /app/data/T0002/216969/b7126ae/ionic-taxi-booking-app-web-admin-216969/src/pages/startup/startup.module.ts
2026-02-10 11:55:21,276 - Knowledge - INFO - Processing batch of 4 files
2026-02-10 11:55:21,277 - Knowledge - INFO - [WEBSOCKET] Sent: Type=progress_update, Size: 272, Duration: 0ms
2026-02-10 11:55:21,278 - Knowledge - INFO - process ingested knowledge for /app/data/T0002/216969/b7126ae/ionic-taxi-booking-app-web-admin-216969/src/pages/promo/promo.html
2026-02-10 11:55:21,279 - Knowledge - INFO - [WEBSOCKET] Sent: Type=unknown, Size: ?, Duration: 3ms
2026-02-10 11:55:21,282 - Knowledge - INFO - Progress: 74.7% | Files: 127/170 | Rate: 10.70 files/sec | Queue: 15
2026-02-10 11:55:21,303 - Knowledge - INFO - Processing batch of 4 files
2026-02-10 11:55:21,304 - Knowledge - INFO - process ingested knowledge for /app/data/T0002/216969/b7126ae/ionic-taxi-booking-app-web-admin-216969/src/providers/onesignal/onesignal.ts
2026-02-10 11:55:21,391 - Knowledge - INFO - process ingested knowledge for /app/data/T0002/216969/b7126ae/ionic-taxi-booking-app-web-admin-216969/pages/history-details/history-details.html
2026-02-10 11:55:21,391 - Knowledge - INFO - Processing batch of 4 files
2026-02-10 11:55:21,393 - Knowledge - INFO - process ingested knowledge for /app/data/T0002/216969/b7126ae/ionic-taxi-booking-app-web-admin-216969/src/pages/login/login.scss
2026-02-10 11:55:21,393 - Knowledge - INFO - process ingested knowledge for /app/data/T0002/216969/b7126ae/ionic-taxi-booking-app-web-admin-216969/src/pages/reset-password/reset-password.ts
2026-02-10 11:55:21,394 - Knowledge - INFO - process ingested knowledge for /app/data/T0002/216969/b7126ae/ionic-taxi-booking-app-web-admin-216969/src/pages/promo/promo.ts
2026-02-10 11:55:21,394 - Knowledge - INFO - Processing batch of 4 files
2026-02-10 11:55:21,397 - Knowledge - INFO - process ingested knowledge for /app/data/T0002/216969/b7126ae/ionic-taxi-booking-app-web-admin-216969/src/validators/email.ts
2026-02-10 11:55:21,747 - Knowledge - INFO - [kw14] Queue=15, InProgress=0, PendingWorkers=20/20, Completed=134/170 (78.8%)
2026-02-10 11:55:21,755 - Knowledge - INFO - Batch sizing: calculated=4, max_allowed=10, queue=15, active_workers=20/20
2026-02-10 11:55:22,010 - Knowledge - INFO - Processing batch of 4 files
2026-02-10 11:55:22,029 - Knowledge - INFO - process ingested knowledge for /app/data/T0002/216969/b7126ae/ionic-taxi-booking-app-web-admin-216969/src/pages/promo/promo.module.ts
2026-02-10 11:55:22,029 - Knowledge - INFO - process ingested knowledge for /app/data/T0002/216969/b7126ae/ionic-taxi-booking-app-web-admin-216969/src/service-worker.js
2026-02-10 11:55:22,154 - Knowledge - INFO - [LLM_CALL] Completed: app.html:chunk1, Duration: 1327ms, PromptTokens: 4700, CompletionTokens: 59, Cost: $0.00049
2026-02-10 11:55:22,155 - Knowledge - INFO - done ingest for /app/data/T0002/216969/b7126ae/ionic-taxi-booking-app-web-admin-216969/src/app/app.html
2026-02-10 11:55:22,486 - Knowledge - INFO - process ingested knowledge for /app/data/T0002/216969/b7126ae/ionic-taxi-booking-app-web-admin-216969/src/pages/startup/startup.html
2026-02-10 11:55:22,568 - Knowledge - INFO - Processing batch of 4 files
2026-02-10 11:55:22,569 - Knowledge - INFO - process ingested knowledge for /app/data/T0002/216969/b7126ae/ionic-taxi-booking-app-web-admin-216969/src/assets/fonts/ionicons.scss
2026-02-10 11:55:22,795 - Knowledge - INFO - process ingested knowledge for /app/data/T0002/216969/b7126ae/ionic-taxi-booking-app-web-admin-216969/src/providers/geocoder/geocoder.ts
2026-02-10 11:55:22,801 - Knowledge - INFO - Async storing batch of 5 embeddings
2026-02-10 11:55:22,823 - Knowledge - INFO - process ingested knowledge for /app/data/T0002/216969/b7126ae/ionic-taxi-booking-app-web-admin-216969/src/pages/reset-password/reset-password.module.ts
2026-02-10 11:55:22,837 - Knowledge - INFO - Worker kw14 processing /app/data/T0002/216969/b7126ae/ionic-taxi-booking-app-web-admin-216969/tslint.json
2026-02-10 11:55:22,859 - Knowledge - INFO - Fast-tracked /app/data/T0002/216969/b7126ae/ionic-taxi-booking-app-web-admin-216969/tslint.json (ext=.json, size=178)
2026-02-10 11:55:22,865 - Knowledge - INFO - Worker kw14 processing /app/data/T0002/216969/b7126ae/ionic-taxi-booking-app-web-admin-216969/ionic.config.json
2026-02-10 11:55:22,924 - Knowledge - INFO - Fast-tracked /app/data/T0002/216969/b7126ae/ionic-taxi-booking-app-web-admin-216969/ionic.config.json (ext=.json, size=125)
2026-02-10 11:55:22,930 - Knowledge - INFO - Worker kw14 processing /app/data/T0002/216969/b7126ae/ionic-taxi-booking-app-web-admin-216969/typings/cordova-typings.d.ts
2026-02-10 11:55:22,953 - Knowledge - INFO - Fast-tracked /app/data/T0002/216969/b7126ae/ionic-taxi-booking-app-web-admin-216969/typings/cordova-typings.d.ts (ext=.ts, size=205)
2026-02-10 11:55:22,980 - Knowledge - INFO - Worker kw14 processing /app/data/T0002/216969/b7126ae/ionic-taxi-booking-app-web-admin-216969/ul_web_hooks/android/android_web_hook.html
2026-02-10 11:55:22,992 - Knowledge - INFO - Fast-tracked /app/data/T0002/216969/b7126ae/ionic-taxi-booking-app-web-admin-216969/ul_web_hooks/android/android_web_hook.html (ext=.html, size=1076)
2026-02-10 11:55:22,999 - Knowledge - INFO - Async storage completed for 5 embeddings
2026-02-10 11:55:23,148 - Knowledge - INFO - process ingested knowledge for /app/data/T0002/216969/b7126ae/ionic-taxi-booking-app-web-admin-216969/src/pages/promo/promo.scss
2026-02-10 11:55:23,738 - Knowledge - INFO - process ingested knowledge for /app/data/T0002/216969/b7126ae/ionic-taxi-booking-app-web-admin-216969/src/assets/fonts/noto-sans.scss
2026-02-10 11:55:24,059 - Knowledge - INFO - process ingested knowledge for /app/data/T0002/216969/b7126ae/ionic-taxi-booking-app-web-admin-216969/src/providers/event/event.ts
2026-02-10 11:55:24,060 - Knowledge - INFO - process ingested knowledge for /app/data/T0002/216969/b7126ae/ionic-taxi-booking-app-web-admin-216969/src/validators/phone.ts
2026-02-10 11:55:24,068 - Knowledge - INFO - [kw20] Queue=11, InProgress=0, PendingWorkers=20/20, Completed=138/170 (81.2%)
2026-02-10 11:55:24,071 - Knowledge - INFO - process ingested knowledge for /app/data/T0002/216969/b7126ae/ionic-taxi-booking-app-web-admin-216969/src/index.html
2026-02-10 11:55:24,084 - Knowledge - INFO - Batch sizing: calculated=4, max_allowed=10, queue=11, active_workers=20/20
2026-02-10 11:55:24,649 - Knowledge - INFO - [LLM_CALL] Completed: app.module.ts:chunk1, Duration: 3882ms, PromptTokens: 2306, CompletionTokens: 310, Cost: $0.00035
2026-02-10 11:55:24,650 - Knowledge - INFO - done ingest for /app/data/T0002/216969/b7126ae/ionic-taxi-booking-app-web-admin-216969/src/app/app.module.ts
2026-02-10 11:55:24,722 - Knowledge - INFO - process ingested knowledge for /app/data/T0002/216969/b7126ae/ionic-taxi-booking-app-web-admin-216969/src/pages/startup/startup.scss
2026-02-10 11:55:24,849 - Knowledge - INFO - Processing batch of 4 files
2026-02-10 11:55:24,851 - Knowledge - INFO - process ingested knowledge for /app/data/T0002/216969/b7126ae/ionic-taxi-booking-app-web-admin-216969/src/pages/about/about.ts
2026-02-10 11:55:25,080 - Knowledge - INFO - process ingested knowledge for /app/data/T0002/216969/b7126ae/ionic-taxi-booking-app-web-admin-216969/src/assets/fonts/roboto.scss
2026-02-10 11:55:25,122 - Knowledge - INFO - process ingested knowledge for /app/data/T0002/216969/b7126ae/ionic-taxi-booking-app-web-admin-216969/src/pages/reset-password/reset-password.html
2026-02-10 11:55:25,526 - Knowledge - INFO - process ingested knowledge for /app/data/T0002/216969/b7126ae/ionic-taxi-booking-app-web-admin-216969/src/validators/card.ts
2026-02-10 11:55:25,559 - Knowledge - INFO - Async storing batch of 4 embeddings
2026-02-10 11:55:25,566 - Knowledge - INFO - Worker kw20 processing /app/data/T0002/216969/b7126ae/ionic-taxi-booking-app-web-admin-216969/config.xml
2026-02-10 11:55:25,649 - Knowledge - INFO - Fast-tracked /app/data/T0002/216969/b7126ae/ionic-taxi-booking-app-web-admin-216969/config.xml (ext=.xml, size=6200)
2026-02-10 11:55:25,655 - Knowledge - INFO - Worker kw20 processing /app/data/T0002/216969/b7126ae/ionic-taxi-booking-app-web-admin-216969/tsconfig.json
2026-02-10 11:55:25,673 - Knowledge - INFO - Fast-tracked /app/data/T0002/216969/b7126ae/ionic-taxi-booking-app-web-admin-216969/tsconfig.json (ext=.json, size=465)
2026-02-10 11:55:25,679 - Knowledge - INFO - Worker kw20 processing /app/data/T0002/216969/b7126ae/ionic-taxi-booking-app-web-admin-216969/www/assets/js/web-animations.min.js
2026-02-10 11:55:25,739 - Knowledge - INFO - Fast-tracked /app/data/T0002/216969/b7126ae/ionic-taxi-booking-app-web-admin-216969/www/assets/js/web-animations.min.js (ext=.js, size=47830)
2026-02-10 11:55:25,749 - Knowledge - INFO - Worker kw20 processing /app/data/T0002/216969/b7126ae/ionic-taxi-booking-app-web-admin-216969/www/service-worker.js
2026-02-10 11:55:25,762 - Knowledge - INFO - Fast-tracked /app/data/T0002/216969/b7126ae/ionic-taxi-booking-app-web-admin-216969/www/service-worker.js (ext=.js, size=736)
2026-02-10 11:55:25,763 - Knowledge - INFO - Async storage completed for 4 embeddings
2026-02-10 11:55:26,509 - Knowledge - INFO - process ingested knowledge for /app/data/T0002/216969/b7126ae/ionic-taxi-booking-app-web-admin-216969/src/assets/js/web-animations.min.js
2026-02-10 11:55:26,540 - Knowledge - INFO - process ingested knowledge for /app/data/T0002/216969/b7126ae/ionic-taxi-booking-app-web-admin-216969/src/pages/reset-password/reset-password.scss
2026-02-10 11:55:27,283 - Knowledge - INFO - process ingested knowledge for /app/data/T0002/216969/b7126ae/ionic-taxi-booking-app-web-admin-216969/src/theme/variables.scss
2026-02-10 11:55:27,450 - Knowledge - INFO - process ingested knowledge for /app/data/T0002/216969/b7126ae/ionic-taxi-booking-app-web-admin-216969/src/pages/about/about.html
2026-02-10 11:55:27,955 - Knowledge - INFO - process ingested knowledge for /app/data/T0002/216969/b7126ae/ionic-taxi-booking-app-web-admin-216969/src/providers/auth/auth.ts
2026-02-10 11:55:27,977 - Knowledge - INFO - process ingested knowledge for /app/data/T0002/216969/b7126ae/ionic-taxi-booking-app-web-admin-216969/src/manifest.json
2026-02-10 11:55:27,977 - Knowledge - INFO - [LLM_CALL] Completed: profile.ts:chunk1, Duration: 7216ms, PromptTokens: 2390, CompletionTokens: 617, Cost: $0.00049
2026-02-10 11:55:28,001 - Knowledge - INFO - done ingest for /app/data/T0002/216969/b7126ae/ionic-taxi-booking-app-web-admin-216969/src/providers/profile/profile.ts
2026-02-10 11:55:28,782 - Knowledge - INFO - process ingested knowledge for /app/data/T0002/216969/b7126ae/ionic-taxi-booking-app-web-admin-216969/src/pages/about/about.scss
2026-02-10 11:55:29,325 - Knowledge - INFO - [LLM_CALL] Completed: directionservice.ts:chunk1, Duration: 8556ms, PromptTokens: 3084, CompletionTokens: 451, Cost: $0.00049
2026-02-10 11:55:29,338 - Knowledge - INFO - done ingest for /app/data/T0002/216969/b7126ae/ionic-taxi-booking-app-web-admin-216969/src/providers/directionservice/directionservice.ts
2026-02-10 11:55:29,993 - Knowledge - INFO - process ingested knowledge for /app/data/T0002/216969/b7126ae/ionic-taxi-booking-app-web-admin-216969/package.json
2026-02-10 11:55:30,039 - Knowledge - INFO - Processing batch of 4 files
2026-02-10 11:55:30,042 - Knowledge - INFO - process ingested knowledge for /app/data/T0002/216969/b7126ae/ionic-taxi-booking-app-web-admin-216969/tslint.json
2026-02-10 11:55:30,600 - Knowledge - INFO - [WEBSOCKET] Sent: Type=progress_update, Size: 271, Duration: 0ms
2026-02-10 11:55:30,606 - Knowledge - INFO - [WEBSOCKET] Sent: Type=unknown, Size: ?, Duration: 6ms
2026-02-10 11:55:30,622 - Knowledge - INFO - Progress: 87.1% | Files: 149/170 | Rate: 7.80 files/sec | Queue: 7
2026-02-10 11:55:30,623 - Knowledge - INFO - process ingested knowledge for /app/data/T0002/216969/b7126ae/ionic-taxi-booking-app-web-admin-216969/src/providers/paystack/paystack.ts
2026-02-10 11:55:31,727 - Knowledge - INFO - [LLM_CALL] Completed: pop-up.ts:chunk1, Duration: 10848ms, PromptTokens: 4420, CompletionTokens: 765, Cost: $0.00075
2026-02-10 11:55:31,736 - Knowledge - INFO - done ingest for /app/data/T0002/216969/b7126ae/ionic-taxi-booking-app-web-admin-216969/src/providers/pop-up/pop-up.ts
2026-02-10 11:55:31,882 - Knowledge - INFO - process ingested knowledge for /app/data/T0002/216969/b7126ae/ionic-taxi-booking-app-web-admin-216969/ionic.config.json
2026-02-10 11:55:31,928 - Knowledge - INFO - [kw5] Queue=7, InProgress=0, PendingWorkers=20/20, Completed=150/170 (88.2%)
2026-02-10 11:55:31,934 - Knowledge - INFO - Batch sizing: calculated=4, max_allowed=10, queue=7, active_workers=20/20
2026-02-10 11:55:31,941 - Knowledge - INFO - [kw2] Queue=7, InProgress=0, PendingWorkers=20/20, Completed=150/170 (88.2%)
2026-02-10 11:55:31,955 - Knowledge - INFO - Batch sizing: calculated=4, max_allowed=10, queue=7, active_workers=20/20
2026-02-10 11:55:32,472 - Knowledge - INFO - [LLM_CALL] Completed: native-map-container.ts:chunk1, Duration: 11724ms, PromptTokens: 26936, CompletionTokens: 797, Cost: $0.00301
2026-02-10 11:55:32,472 - Knowledge - INFO - done ingest for /app/data/T0002/216969/b7126ae/ionic-taxi-booking-app-web-admin-216969/src/providers/native-map-container/native-map-container.ts
2026-02-10 11:55:32,621 - Knowledge - INFO - [kw3] Queue=7, InProgress=0, PendingWorkers=20/20, Completed=151/170 (88.8%)
2026-02-10 11:55:32,622 - Knowledge - INFO - Batch sizing: calculated=4, max_allowed=10, queue=7, active_workers=20/20
2026-02-10 11:55:32,777 - Knowledge - INFO - [kw6] Queue=7, InProgress=0, PendingWorkers=20/20, Completed=151/170 (88.8%)
2026-02-10 11:55:32,777 - Knowledge - INFO - process ingested knowledge for /app/data/T0002/216969/b7126ae/ionic-taxi-booking-app-web-admin-216969/typings/cordova-typings.d.ts
2026-02-10 11:55:32,778 - Knowledge - INFO - Batch sizing: calculated=4, max_allowed=10, queue=7, active_workers=20/20
2026-02-10 11:55:32,843 - Knowledge - INFO - Async storing batch of 4 embeddings
2026-02-10 11:55:32,843 - Knowledge - INFO - Worker kw2 processing /app/data/T0002/216969/b7126ae/ionic-taxi-booking-app-web-admin-216969/www/index.html
2026-02-10 11:55:32,845 - Knowledge - INFO - Fast-tracked /app/data/T0002/216969/b7126ae/ionic-taxi-booking-app-web-admin-216969/www/index.html (ext=.html, size=1823)
2026-02-10 11:55:32,846 - Knowledge - INFO - Worker kw2 processing /app/data/T0002/216969/b7126ae/ionic-taxi-booking-app-web-admin-216969/www/manifest.json
2026-02-10 11:55:32,852 - Knowledge - INFO - Fast-tracked /app/data/T0002/216969/b7126ae/ionic-taxi-booking-app-web-admin-216969/www/manifest.json (ext=.json, size=266)
2026-02-10 11:55:32,853 - Knowledge - INFO - Worker kw2 processing /app/data/T0002/216969/b7126ae/ionic-taxi-booking-app-web-admin-216969/README.md
2026-02-10 11:55:32,855 - Knowledge - INFO - Fast-tracked /app/data/T0002/216969/b7126ae/ionic-taxi-booking-app-web-admin-216969/README.md (ext=.md, size=4905)
2026-02-10 11:55:32,855 - Knowledge - INFO - Worker kw2 processing /app/data/T0002/216969/b7126ae/ionic-taxi-booking-app-web-admin-216969/assets/fonts/ionicons.scss
2026-02-10 11:55:32,858 - Knowledge - INFO - Fast-tracked /app/data/T0002/216969/b7126ae/ionic-taxi-booking-app-web-admin-216969/assets/fonts/ionicons.scss (ext=.scss, size=1152)
2026-02-10 11:55:32,859 - Knowledge - INFO - Async storage completed for 4 embeddings
2026-02-10 11:55:32,861 - Knowledge - INFO - Processing batch of 4 files
2026-02-10 11:55:32,861 - Knowledge - INFO - process ingested knowledge for /app/data/T0002/216969/b7126ae/ionic-taxi-booking-app-web-admin-216969/src/app/app.module.ts
2026-02-10 11:55:32,995 - Knowledge - INFO - [WEBSOCKET] Sent: Type=progress_update, Size: 272, Duration: 0ms
2026-02-10 11:55:32,997 - Knowledge - INFO - [WEBSOCKET] Sent: Type=unknown, Size: ?, Duration: 2ms
2026-02-10 11:55:32,999 - Knowledge - INFO - Progress: 90.6% | Files: 154/170 | Rate: 6.63 files/sec | Queue: 3
2026-02-10 11:55:33,069 - Knowledge - INFO - Async storing batch of 4 embeddings
2026-02-10 11:55:33,070 - Knowledge - INFO - Worker kw3 processing /app/data/T0002/216969/b7126ae/ionic-taxi-booking-app-web-admin-216969/assets/fonts/noto-sans.scss
2026-02-10 11:55:33,072 - Knowledge - INFO - Fast-tracked /app/data/T0002/216969/b7126ae/ionic-taxi-booking-app-web-admin-216969/assets/fonts/noto-sans.scss (ext=.scss, size=1282)
2026-02-10 11:55:33,073 - Knowledge - INFO - Worker kw3 processing /app/data/T0002/216969/b7126ae/ionic-taxi-booking-app-web-admin-216969/assets/fonts/roboto.scss
2026-02-10 11:55:33,074 - Knowledge - INFO - Fast-tracked /app/data/T0002/216969/b7126ae/ionic-taxi-booking-app-web-admin-216969/assets/fonts/roboto.scss (ext=.scss, size=1458)
2026-02-10 11:55:33,075 - Knowledge - INFO - Worker kw3 processing /app/data/T0002/216969/b7126ae/ionic-taxi-booking-app-web-admin-216969/assets/js/web-animations.min.js
2026-02-10 11:55:33,077 - Knowledge - INFO - Fast-tracked /app/data/T0002/216969/b7126ae/ionic-taxi-booking-app-web-admin-216969/assets/js/web-animations.min.js (ext=.js, size=47830)
2026-02-10 11:55:33,078 - Knowledge - INFO - Async storage completed for 4 embeddings
2026-02-10 11:55:33,092 - Knowledge - INFO - Processing batch of 4 files
2026-02-10 11:55:33,095 - Knowledge - INFO - process ingested knowledge for /app/data/T0002/216969/b7126ae/ionic-taxi-booking-app-web-admin-216969/config.xml
2026-02-10 11:55:33,289 - Knowledge - INFO - process ingested knowledge for /app/data/T0002/216969/b7126ae/ionic-taxi-booking-app-web-admin-216969/ul_web_hooks/android/android_web_hook.html
2026-02-10 11:55:33,291 - Knowledge - INFO - process ingested knowledge for /app/data/T0002/216969/b7126ae/ionic-taxi-booking-app-web-admin-216969/tsconfig.json
2026-02-10 11:55:33,694 - Knowledge - INFO - process ingested knowledge for /app/data/T0002/216969/b7126ae/ionic-taxi-booking-app-web-admin-216969/src/app/app.scss
2026-02-10 11:55:33,696 - Knowledge - INFO - Processing batch of 4 files
2026-02-10 11:55:33,697 - Knowledge - INFO - process ingested knowledge for /app/data/T0002/216969/b7126ae/ionic-taxi-booking-app-web-admin-216969/src/app/app.component.ts
2026-02-10 11:55:33,698 - Knowledge - INFO - process ingested knowledge for /app/data/T0002/216969/b7126ae/ionic-taxi-booking-app-web-admin-216969/www/index.html
2026-02-10 11:55:33,765 - Knowledge - INFO - process ingested knowledge for /app/data/T0002/216969/b7126ae/ionic-taxi-booking-app-web-admin-216969/www/assets/js/web-animations.min.js
2026-02-10 11:55:33,834 - Knowledge - INFO - Processing batch of 4 files
2026-02-10 11:55:33,834 - Knowledge - INFO - process ingested knowledge for /app/data/T0002/216969/b7126ae/ionic-taxi-booking-app-web-admin-216969/src/providers/native-map-container/native-map-container.ts
2026-02-10 11:55:33,910 - Knowledge - INFO - Processing batch of 3 files
2026-02-10 11:55:33,910 - Knowledge - INFO - process ingested knowledge for /app/data/T0002/216969/b7126ae/ionic-taxi-booking-app-web-admin-216969/assets/fonts/noto-sans.scss
2026-02-10 11:55:33,916 - Knowledge - INFO - Processing batch of 4 files
2026-02-10 11:55:33,920 - Knowledge - INFO - process ingested knowledge for /app/data/T0002/216969/b7126ae/ionic-taxi-booking-app-web-admin-216969/src/providers/profile/profile.ts
2026-02-10 11:55:33,969 - Knowledge - INFO - process ingested knowledge for /app/data/T0002/216969/b7126ae/ionic-taxi-booking-app-web-admin-216969/www/manifest.json
2026-02-10 11:55:33,969 - Knowledge - INFO - process ingested knowledge for /app/data/T0002/216969/b7126ae/ionic-taxi-booking-app-web-admin-216969/src/providers/directionservice/directionservice.ts
2026-02-10 11:55:33,970 - Knowledge - INFO - process ingested knowledge for /app/data/T0002/216969/b7126ae/ionic-taxi-booking-app-web-admin-216969/www/service-worker.js
2026-02-10 11:55:33,971 - Knowledge - INFO - process ingested knowledge for /app/data/T0002/216969/b7126ae/ionic-taxi-booking-app-web-admin-216969/src/providers/anim-control/anim-control.ts
2026-02-10 11:55:34,034 - Knowledge - INFO - process ingested knowledge for /app/data/T0002/216969/b7126ae/ionic-taxi-booking-app-web-admin-216969/src/providers/map-container/map-container.ts
2026-02-10 11:55:34,035 - Knowledge - INFO - process ingested knowledge for /app/data/T0002/216969/b7126ae/ionic-taxi-booking-app-web-admin-216969/src/app/app.html
2026-02-10 11:55:34,036 - Knowledge - INFO - process ingested knowledge for /app/data/T0002/216969/b7126ae/ionic-taxi-booking-app-web-admin-216969/src/providers/pop-up/pop-up.ts
2026-02-10 11:55:34,256 - Knowledge - INFO - process ingested knowledge for /app/data/T0002/216969/b7126ae/ionic-taxi-booking-app-web-admin-216969/README.md
2026-02-10 11:55:34,582 - Knowledge - INFO - [LLM_CALL] Completed: home.ts:chunk1, Duration: 20129ms, PromptTokens: 11030, CompletionTokens: 2065, Cost: $0.00193
2026-02-10 11:55:34,583 - Knowledge - INFO - done ingest for /app/data/T0002/216969/b7126ae/ionic-taxi-booking-app-web-admin-216969/src/pages/home/home.ts
2026-02-10 11:55:34,594 - Knowledge - INFO - process ingested knowledge for /app/data/T0002/216969/b7126ae/ionic-taxi-booking-app-web-admin-216969/src/validators/cvc.ts
2026-02-10 11:55:34,595 - Knowledge - INFO - process ingested knowledge for /app/data/T0002/216969/b7126ae/ionic-taxi-booking-app-web-admin-216969/assets/fonts/ionicons.scss
2026-02-10 11:55:34,672 - Knowledge - INFO - process ingested knowledge for /app/data/T0002/216969/b7126ae/ionic-taxi-booking-app-web-admin-216969/assets/fonts/roboto.scss
2026-02-10 11:55:34,738 - Knowledge - INFO - process ingested knowledge for /app/data/T0002/216969/b7126ae/ionic-taxi-booking-app-web-admin-216969/src/app/main.ts
2026-02-10 11:55:34,898 - Knowledge - INFO - process ingested knowledge for /app/data/T0002/216969/b7126ae/ionic-taxi-booking-app-web-admin-216969/assets/js/web-animations.min.js
2026-02-10 11:55:35,346 - Knowledge - INFO - Processing batch of 4 files
2026-02-10 11:55:35,347 - Knowledge - INFO - process ingested knowledge for /app/data/T0002/216969/b7126ae/ionic-taxi-booking-app-web-admin-216969/src/pages/home/home.html
2026-02-10 11:55:35,409 - Knowledge - INFO - process ingested knowledge for /app/data/T0002/216969/b7126ae/ionic-taxi-booking-app-web-admin-216969/src/pages/home/home.module.ts
2026-02-10 11:55:35,528 - Knowledge - INFO - process ingested knowledge for /app/data/T0002/216969/b7126ae/ionic-taxi-booking-app-web-admin-216969/src/pages/home/home.ts
2026-02-10 11:55:35,586 - Knowledge - INFO - process ingested knowledge for /app/data/T0002/216969/b7126ae/ionic-taxi-booking-app-web-admin-216969/src/pages/home/home.scss
2026-02-10 11:55:35,836 - Knowledge - INFO - [WEBSOCKET] Sent: Type=progress_update, Size: 272, Duration: 0ms
2026-02-10 11:55:35,838 - Knowledge - INFO - [WEBSOCKET] Sent: Type=unknown, Size: ?, Duration: 2ms
2026-02-10 11:55:35,838 - Knowledge - INFO - Progress: 100.0% | Files: 170/170 | Rate: 6.44 files/sec | Queue: 0
2026-02-10 11:55:36,135 - Knowledge - INFO - Knowledge creation complete
2026-02-10 11:55:36,136 - Knowledge - INFO - ==================================================
2026-02-10 11:55:36,136 - Knowledge - INFO - KNOWLEDGE GRAPH GENERATION PERFORMANCE SUMMARY
2026-02-10 11:55:36,136 - Knowledge - INFO - ==================================================
2026-02-10 11:55:36,136 - Knowledge - INFO - Total processing time: 26.76 seconds (0.45 minutes)
2026-02-10 11:55:36,137 - Knowledge - INFO - Files processed: 0
2026-02-10 11:55:36,137 - Knowledge - INFO - Processing rate: 0.00 files/second
2026-02-10 11:55:36,137 - Knowledge - INFO - 
[TIME_BREAKDOWN]
2026-02-10 11:55:36,138 - Knowledge - INFO - File Reading: 0.00s (0.0%)
2026-02-10 11:55:36,138 - Knowledge - INFO - LLM Processing: 73.44s (274.5%)
2026-02-10 11:55:36,138 - Knowledge - INFO - MongoDB Operations: 0.00s (0.0%)
2026-02-10 11:55:36,139 - Knowledge - INFO - Redis Operations: 0.00s (0.0%)
2026-02-10 11:55:36,139 - Knowledge - INFO - WebSocket Communication: 0.03s (0.1%)
2026-02-10 11:55:36,139 - Knowledge - INFO - 
[LLM_STATS]
2026-02-10 11:55:36,139 - Knowledge - INFO - Total LLM calls: 11
2026-02-10 11:55:36,140 - Knowledge - INFO - Average LLM response time: 6676ms
2026-02-10 11:55:36,140 - Knowledge - INFO - Average prompt tokens: 8128.7
2026-02-10 11:55:36,140 - Knowledge - INFO - Average completion tokens: 533.6
2026-02-10 11:55:36,141 - Knowledge - INFO - Total prompt tokens: 89416
2026-02-10 11:55:36,141 - Knowledge - INFO - Total completion tokens: 5870
2026-02-10 11:55:36,141 - Knowledge - INFO - Total LLM cost: $0.0113
2026-02-10 11:55:36,142 - Knowledge - INFO - 
[DATABASE_STATS]
2026-02-10 11:55:36,142 - Knowledge - INFO - MongoDB operations: 0
2026-02-10 11:55:36,142 - Knowledge - INFO - Redis operations: 0
2026-02-10 11:55:36,142 - Knowledge - INFO - 
[COMMUNICATION_STATS]
2026-02-10 11:55:36,143 - Knowledge - INFO - WebSocket messages sent: 13
2026-02-10 11:55:36,143 - Knowledge - INFO - Average message size: 137.5 bytes
2026-02-10 11:55:36,143 - Knowledge - INFO - 
[WORKER_STATS]
2026-02-10 11:55:36,144 - Knowledge - INFO - 
[FILE_TYPE_STATS]
2026-02-10 11:55:36,144 - Knowledge - INFO - 
[SLOWEST_FILES]
2026-02-10 11:55:36,144 - Knowledge - INFO - ==================================================
2026-02-10 11:55:36,145 - Knowledge - INFO - ==================================================
2026-02-10 11:55:36,145 - Knowledge - INFO - KNOWLEDGE GRAPH GENERATION PERFORMANCE SUMMARY
2026-02-10 11:55:36,145 - Knowledge - INFO - ==================================================
2026-02-10 11:55:36,146 - Knowledge - INFO - Total processing time: 26.83 seconds (0.45 minutes)
2026-02-10 11:55:36,146 - Knowledge - INFO - Files processed: 170 of 170
2026-02-10 11:55:36,147 - Knowledge - INFO - Processing rate: 6.34 files/second
2026-02-10 11:55:36,147 - Knowledge - INFO - WebSocket messages sent: 6
2026-02-10 11:55:36,147 - Knowledge - INFO - MongoDB operations: 170
2026-02-10 11:55:36,149 - Knowledge - INFO - Average MongoDB ops per file: 1.00
2026-02-10 11:55:36,149 - Knowledge - INFO - LLM costs: $0.0123
2026-02-10 11:55:36,149 - Knowledge - INFO - Prompt tokens: 96996
2026-02-10 11:55:36,150 - Knowledge - INFO - Completion tokens: 6472
2026-02-10 11:55:36,150 - Knowledge - INFO - Updating org costs, total cost: 0.0122884
2026-02-10 11:55:37,588 - Knowledge - INFO - [WEBSOCKET] Sent: Type=progress_update, Size: 269, Duration: 0ms
2026-02-10 11:55:37,591 - Knowledge - INFO - Saving knowledge to Redis...
2026-02-10 11:55:37,653 - Knowledge - INFO - Knowledge saved to Redis successfully
